Reporting Month,County,State,Residential Closings,Source
2012-07,Montgomery,Tennessee,279,Redfin County Market Tracker
2012-08,Montgomery,Tennessee,266,Redfin County Market Tracker
2012-09,Montgomery,Tennessee,213,Redfin County Market Tracker
2012-10,Montgomery,Tennessee,252,Redfin County Market Tracker
2012-11,Montgomery,Tennessee,216,Redfin County Market Tracker
2012-12,Montgomery,Tennessee,239,Redfin County Market Tracker
2013-01,Montgomery,Tennessee,152,Redfin County Market Tracker
2013-02,Cheatham,Tennessee,29,Redfin County Market Tracker
2013-02,Davidson,Tennessee,654,Redfin County Market Tracker
2013-02,Dickson,Tennessee,25,Redfin County Market Tracker
2013-02,Maury,Tennessee,92,Redfin County Market Tracker
2013-02,Montgomery,Tennessee,212,Redfin County Market Tracker
2013-02,Robertson,Tennessee,52,Redfin County Market Tracker
2013-02,Rutherford,Tennessee,312,Redfin County Market Tracker
2013-02,Sumner,Tennessee,183,Redfin County Market Tracker
2013-02,Williamson,Tennessee,250,Redfin County Market Tracker
2013-02,Wilson,Tennessee,129,Redfin County Market Tracker
2013-03,Cheatham,Tennessee,32,Redfin County Market Tracker
2013-03,Davidson,Tennessee,886,Redfin County Market Tracker
2013-03,Dickson,Tennessee,38,Redfin County Market Tracker
2013-03,Maury,Tennessee,121,Redfin County Market Tracker
2013-03,Montgomery,Tennessee,242,Redfin County Market Tracker
2013-03,Robertson,Tennessee,77,Redfin County Market Tracker
2013-03,Rutherford,Tennessee,433,Redfin County Market Tracker
2013-03,Sumner,Tennessee,256,Redfin County Market Tracker
2013-03,Williamson,Tennessee,380,Redfin County Market Tracker
2013-03,Wilson,Tennessee,207,Redfin County Market Tracker
2013-04,Cheatham,Tennessee,46,Redfin County Market Tracker
2013-04,Davidson,Tennessee,1026,Redfin County Market Tracker
2013-04,Dickson,Tennessee,46,Redfin County Market Tracker
2013-04,Maury,Tennessee,113,Redfin County Market Tracker
2013-04,Montgomery,Tennessee,262,Redfin County Market Tracker
2013-04,Robertson,Tennessee,88,Redfin County Market Tracker
2013-04,Rutherford,Tennessee,446,Redfin County Market Tracker
2013-04,Sumner,Tennessee,270,Redfin County Market Tracker
2013-04,Williamson,Tennessee,427,Redfin County Market Tracker
2013-04,Wilson,Tennessee,205,Redfin County Market Tracker
2013-05,Cheatham,Tennessee,52,Redfin County Market Tracker
2013-05,Davidson,Tennessee,1143,Redfin County Market Tracker
2013-05,Dickson,Tennessee,38,Redfin County Market Tracker
2013-05,Maury,Tennessee,142,Redfin County Market Tracker
2013-05,Montgomery,Tennessee,330,Redfin County Market Tracker
2013-05,Robertson,Tennessee,74,Redfin County Market Tracker
2013-05,Rutherford,Tennessee,472,Redfin County Market Tracker
2013-05,Sumner,Tennessee,295,Redfin County Market Tracker
2013-05,Williamson,Tennessee,499,Redfin County Market Tracker
2013-05,Wilson,Tennessee,247,Redfin County Market Tracker
2013-06,Cheatham,Tennessee,37,Redfin County Market Tracker
2013-06,Davidson,Tennessee,1132,Redfin County Market Tracker
2013-06,Dickson,Tennessee,42,Redfin County Market Tracker
2013-06,Maury,Tennessee,128,Redfin County Market Tracker
2013-06,Montgomery,Tennessee,319,Redfin County Market Tracker
2013-06,Robertson,Tennessee,58,Redfin County Market Tracker
2013-06,Rutherford,Tennessee,471,Redfin County Market Tracker
2013-06,Sumner,Tennessee,282,Redfin County Market Tracker
2013-06,Williamson,Tennessee,577,Redfin County Market Tracker
2013-06,Wilson,Tennessee,244,Redfin County Market Tracker
2013-07,Cheatham,Tennessee,46,Redfin County Market Tracker
2013-07,Davidson,Tennessee,1136,Redfin County Market Tracker
2013-07,Dickson,Tennessee,51,Redfin County Market Tracker
2013-07,Maury,Tennessee,122,Redfin County Market Tracker
2013-07,Montgomery,Tennessee,312,Redfin County Market Tracker
2013-07,Robertson,Tennessee,92,Redfin County Market Tracker
2013-07,Rutherford,Tennessee,508,Redfin County Market Tracker
2013-07,Sumner,Tennessee,314,Redfin County Market Tracker
2013-07,Williamson,Tennessee,597,Redfin County Market Tracker
2013-07,Wilson,Tennessee,229,Redfin County Market Tracker
2013-08,Cheatham,Tennessee,42,Redfin County Market Tracker
2013-08,Davidson,Tennessee,1115,Redfin County Market Tracker
2013-08,Dickson,Tennessee,55,Redfin County Market Tracker
2013-08,Maury,Tennessee,135,Redfin County Market Tracker
2013-08,Montgomery,Tennessee,292,Redfin County Market Tracker
2013-08,Robertson,Tennessee,103,Redfin County Market Tracker
2013-08,Rutherford,Tennessee,482,Redfin County Market Tracker
2013-08,Sumner,Tennessee,323,Redfin County Market Tracker
2013-08,Williamson,Tennessee,501,Redfin County Market Tracker
2013-08,Wilson,Tennessee,236,Redfin County Market Tracker
2013-09,Cheatham,Tennessee,51,Redfin County Market Tracker
2013-09,Davidson,Tennessee,965,Redfin County Market Tracker
2013-09,Dickson,Tennessee,53,Redfin County Market Tracker
2013-09,Maury,Tennessee,99,Redfin County Market Tracker
2013-09,Montgomery,Tennessee,258,Redfin County Market Tracker
2013-09,Robertson,Tennessee,63,Redfin County Market Tracker
2013-09,Rutherford,Tennessee,401,Redfin County Market Tracker
2013-09,Sumner,Tennessee,280,Redfin County Market Tracker
2013-09,Williamson,Tennessee,424,Redfin County Market Tracker
2013-09,Wilson,Tennessee,199,Redfin County Market Tracker
2013-10,Cheatham,Tennessee,40,Redfin County Market Tracker
2013-10,Davidson,Tennessee,890,Redfin County Market Tracker
2013-10,Dickson,Tennessee,49,Redfin County Market Tracker
2013-10,Maury,Tennessee,82,Redfin County Market Tracker
2013-10,Montgomery,Tennessee,266,Redfin County Market Tracker
2013-10,Robertson,Tennessee,77,Redfin County Market Tracker
2013-10,Rutherford,Tennessee,410,Redfin County Market Tracker
2013-10,Sumner,Tennessee,244,Redfin County Market Tracker
2013-10,Williamson,Tennessee,400,Redfin County Market Tracker
2013-10,Wilson,Tennessee,175,Redfin County Market Tracker
2013-11,Cheatham,Tennessee,43,Redfin County Market Tracker
2013-11,Davidson,Tennessee,825,Redfin County Market Tracker
2013-11,Dickson,Tennessee,49,Redfin County Market Tracker
2013-11,Maury,Tennessee,100,Redfin County Market Tracker
2013-11,Montgomery,Tennessee,252,Redfin County Market Tracker
2013-11,Robertson,Tennessee,89,Redfin County Market Tracker
2013-11,Rutherford,Tennessee,358,Redfin County Market Tracker
2013-11,Sumner,Tennessee,244,Redfin County Market Tracker
2013-11,Williamson,Tennessee,322,Redfin County Market Tracker
2013-11,Wilson,Tennessee,227,Redfin County Market Tracker
2013-12,Cheatham,Tennessee,36,Redfin County Market Tracker
2013-12,Davidson,Tennessee,851,Redfin County Market Tracker
2013-12,Dickson,Tennessee,42,Redfin County Market Tracker
2013-12,Maury,Tennessee,93,Redfin County Market Tracker
2013-12,Montgomery,Tennessee,259,Redfin County Market Tracker
2013-12,Robertson,Tennessee,59,Redfin County Market Tracker
2013-12,Rutherford,Tennessee,393,Redfin County Market Tracker
2013-12,Sumner,Tennessee,237,Redfin County Market Tracker
2013-12,Williamson,Tennessee,412,Redfin County Market Tracker
2013-12,Wilson,Tennessee,206,Redfin County Market Tracker
2014-01,Cheatham,Tennessee,37,Redfin County Market Tracker
2014-01,Davidson,Tennessee,650,Redfin County Market Tracker
2014-01,Dickson,Tennessee,35,Redfin County Market Tracker
2014-01,Maury,Tennessee,59,Redfin County Market Tracker
2014-01,Montgomery,Tennessee,229,Redfin County Market Tracker
2014-01,Robertson,Tennessee,54,Redfin County Market Tracker
2014-01,Rutherford,Tennessee,281,Redfin County Market Tracker
2014-01,Sumner,Tennessee,164,Redfin County Market Tracker
2014-01,Williamson,Tennessee,260,Redfin County Market Tracker
2014-01,Wilson,Tennessee,165,Redfin County Market Tracker
2014-02,Cheatham,Tennessee,27,Redfin County Market Tracker
2014-02,Davidson,Tennessee,674,Redfin County Market Tracker
2014-02,Dickson,Tennessee,40,Redfin County Market Tracker
2014-02,Maury,Tennessee,80,Redfin County Market Tracker
2014-02,Montgomery,Tennessee,214,Redfin County Market Tracker
2014-02,Robertson,Tennessee,64,Redfin County Market Tracker
2014-02,Rutherford,Tennessee,330,Redfin County Market Tracker
2014-02,Sumner,Tennessee,188,Redfin County Market Tracker
2014-02,Williamson,Tennessee,271,Redfin County Market Tracker
2014-02,Wilson,Tennessee,119,Redfin County Market Tracker
2014-03,Cheatham,Tennessee,43,Redfin County Market Tracker
2014-03,Davidson,Tennessee,882,Redfin County Market Tracker
2014-03,Dickson,Tennessee,50,Redfin County Market Tracker
2014-03,Maury,Tennessee,114,Redfin County Market Tracker
2014-03,Montgomery,Tennessee,297,Redfin County Market Tracker
2014-03,Robertson,Tennessee,64,Redfin County Market Tracker
2014-03,Rutherford,Tennessee,444,Redfin County Market Tracker
2014-03,Sumner,Tennessee,229,Redfin County Market Tracker
2014-03,Williamson,Tennessee,397,Redfin County Market Tracker
2014-03,Wilson,Tennessee,183,Redfin County Market Tracker
2014-04,Cheatham,Tennessee,34,Redfin County Market Tracker
2014-04,Davidson,Tennessee,954,Redfin County Market Tracker
2014-04,Dickson,Tennessee,47,Redfin County Market Tracker
2014-04,Maury,Tennessee,143,Redfin County Market Tracker
2014-04,Montgomery,Tennessee,274,Redfin County Market Tracker
2014-04,Robertson,Tennessee,75,Redfin County Market Tracker
2014-04,Rutherford,Tennessee,481,Redfin County Market Tracker
2014-04,Sumner,Tennessee,279,Redfin County Market Tracker
2014-04,Williamson,Tennessee,402,Redfin County Market Tracker
2014-04,Wilson,Tennessee,218,Redfin County Market Tracker
2014-05,Cheatham,Tennessee,50,Redfin County Market Tracker
2014-05,Davidson,Tennessee,1179,Redfin County Market Tracker
2014-05,Dickson,Tennessee,51,Redfin County Market Tracker
2014-05,Maury,Tennessee,136,Redfin County Market Tracker
2014-05,Montgomery,Tennessee,296,Redfin County Market Tracker
2014-05,Robertson,Tennessee,84,Redfin County Market Tracker
2014-05,Rutherford,Tennessee,497,Redfin County Market Tracker
2014-05,Sumner,Tennessee,309,Redfin County Market Tracker
2014-05,Williamson,Tennessee,461,Redfin County Market Tracker
2014-05,Wilson,Tennessee,230,Redfin County Market Tracker
2014-06,Cheatham,Tennessee,40,Redfin County Market Tracker
2014-06,Davidson,Tennessee,1194,Redfin County Market Tracker
2014-06,Dickson,Tennessee,59,Redfin County Market Tracker
2014-06,Maury,Tennessee,148,Redfin County Market Tracker
2014-06,Montgomery,Tennessee,355,Redfin County Market Tracker
2014-06,Robertson,Tennessee,82,Redfin County Market Tracker
2014-06,Rutherford,Tennessee,520,Redfin County Market Tracker
2014-06,Sumner,Tennessee,317,Redfin County Market Tracker
2014-06,Williamson,Tennessee,573,Redfin County Market Tracker
2014-06,Wilson,Tennessee,256,Redfin County Market Tracker
2014-07,Cheatham,Tennessee,48,Redfin County Market Tracker
2014-07,Davidson,Tennessee,1222,Redfin County Market Tracker
2014-07,Dickson,Tennessee,69,Redfin County Market Tracker
2014-07,Maury,Tennessee,122,Redfin County Market Tracker
2014-07,Montgomery,Tennessee,370,Redfin County Market Tracker
2014-07,Robertson,Tennessee,89,Redfin County Market Tracker
2014-07,Rutherford,Tennessee,498,Redfin County Market Tracker
2014-07,Sumner,Tennessee,309,Redfin County Market Tracker
2014-07,Williamson,Tennessee,566,Redfin County Market Tracker
2014-07,Wilson,Tennessee,269,Redfin County Market Tracker
2014-08,Cheatham,Tennessee,45,Redfin County Market Tracker
2014-08,Davidson,Tennessee,1246,Redfin County Market Tracker
2014-08,Dickson,Tennessee,57,Redfin County Market Tracker
2014-08,Maury,Tennessee,150,Redfin County Market Tracker
2014-08,Montgomery,Tennessee,323,Redfin County Market Tracker
2014-08,Robertson,Tennessee,80,Redfin County Market Tracker
2014-08,Rutherford,Tennessee,509,Redfin County Market Tracker
2014-08,Sumner,Tennessee,308,Redfin County Market Tracker
2014-08,Williamson,Tennessee,525,Redfin County Market Tracker
2014-08,Wilson,Tennessee,232,Redfin County Market Tracker
2014-09,Cheatham,Tennessee,42,Redfin County Market Tracker
2014-09,Davidson,Tennessee,1252,Redfin County Market Tracker
2014-09,Dickson,Tennessee,53,Redfin County Market Tracker
2014-09,Maury,Tennessee,144,Redfin County Market Tracker
2014-09,Montgomery,Tennessee,272,Redfin County Market Tracker
2014-09,Robertson,Tennessee,70,Redfin County Market Tracker
2014-09,Rutherford,Tennessee,504,Redfin County Market Tracker
2014-09,Sumner,Tennessee,272,Redfin County Market Tracker
2014-09,Williamson,Tennessee,459,Redfin County Market Tracker
2014-09,Wilson,Tennessee,229,Redfin County Market Tracker
2014-10,Cheatham,Tennessee,47,Redfin County Market Tracker
2014-10,Davidson,Tennessee,1095,Redfin County Market Tracker
2014-10,Dickson,Tennessee,48,Redfin County Market Tracker
2014-10,Maury,Tennessee,134,Redfin County Market Tracker
2014-10,Montgomery,Tennessee,282,Redfin County Market Tracker
2014-10,Robertson,Tennessee,67,Redfin County Market Tracker
2014-10,Rutherford,Tennessee,525,Redfin County Market Tracker
2014-10,Sumner,Tennessee,280,Redfin County Market Tracker
2014-10,Williamson,Tennessee,402,Redfin County Market Tracker
2014-10,Wilson,Tennessee,249,Redfin County Market Tracker
2014-11,Cheatham,Tennessee,43,Redfin County Market Tracker
2014-11,Davidson,Tennessee,877,Redfin County Market Tracker
2014-11,Dickson,Tennessee,53,Redfin County Market Tracker
2014-11,Maury,Tennessee,105,Redfin County Market Tracker
2014-11,Montgomery,Tennessee,237,Redfin County Market Tracker
2014-11,Robertson,Tennessee,74,Redfin County Market Tracker
2014-11,Rutherford,Tennessee,389,Redfin County Market Tracker
2014-11,Sumner,Tennessee,225,Redfin County Market Tracker
2014-11,Williamson,Tennessee,395,Redfin County Market Tracker
2014-11,Wilson,Tennessee,236,Redfin County Market Tracker
2014-12,Cheatham,Tennessee,39,Redfin County Market Tracker
2014-12,Davidson,Tennessee,1074,Redfin County Market Tracker
2014-12,Dickson,Tennessee,52,Redfin County Market Tracker
2014-12,Maury,Tennessee,116,Redfin County Market Tracker
2014-12,Montgomery,Tennessee,319,Redfin County Market Tracker
2014-12,Robertson,Tennessee,68,Redfin County Market Tracker
2014-12,Rutherford,Tennessee,466,Redfin County Market Tracker
2014-12,Sumner,Tennessee,274,Redfin County Market Tracker
2014-12,Williamson,Tennessee,410,Redfin County Market Tracker
2014-12,Wilson,Tennessee,268,Redfin County Market Tracker
2015-01,Cheatham,Tennessee,21,Redfin County Market Tracker
2015-01,Davidson,Tennessee,764,Redfin County Market Tracker
2015-01,Dickson,Tennessee,41,Redfin County Market Tracker
2015-01,Maury,Tennessee,81,Redfin County Market Tracker
2015-01,Montgomery,Tennessee,193,Redfin County Market Tracker
2015-01,Robertson,Tennessee,54,Redfin County Market Tracker
2015-01,Rutherford,Tennessee,308,Redfin County Market Tracker
2015-01,Sumner,Tennessee,191,Redfin County Market Tracker
2015-01,Williamson,Tennessee,275,Redfin County Market Tracker
2015-01,Wilson,Tennessee,137,Redfin County Market Tracker
2015-02,Cheatham,Tennessee,33,Redfin County Market Tracker
2015-02,Davidson,Tennessee,756,Redfin County Market Tracker
2015-02,Dickson,Tennessee,43,Redfin County Market Tracker
2015-02,Maury,Tennessee,98,Redfin County Market Tracker
2015-02,Montgomery,Tennessee,243,Redfin County Market Tracker
2015-02,Robertson,Tennessee,75,Redfin County Market Tracker
2015-02,Rutherford,Tennessee,384,Redfin County Market Tracker
2015-02,Sumner,Tennessee,176,Redfin County Market Tracker
2015-02,Williamson,Tennessee,275,Redfin County Market Tracker
2015-02,Wilson,Tennessee,158,Redfin County Market Tracker
2015-03,Cheatham,Tennessee,45,Redfin County Market Tracker
2015-03,Davidson,Tennessee,1018,Redfin County Market Tracker
2015-03,Dickson,Tennessee,52,Redfin County Market Tracker
2015-03,Maury,Tennessee,122,Redfin County Market Tracker
2015-03,Montgomery,Tennessee,289,Redfin County Market Tracker
2015-03,Robertson,Tennessee,72,Redfin County Market Tracker
2015-03,Rutherford,Tennessee,469,Redfin County Market Tracker
2015-03,Sumner,Tennessee,283,Redfin County Market Tracker
2015-03,Williamson,Tennessee,441,Redfin County Market Tracker
2015-03,Wilson,Tennessee,224,Redfin County Market Tracker
2015-04,Cheatham,Tennessee,50,Redfin County Market Tracker
2015-04,Davidson,Tennessee,1062,Redfin County Market Tracker
2015-04,Dickson,Tennessee,45,Redfin County Market Tracker
2015-04,Maury,Tennessee,141,Redfin County Market Tracker
2015-04,Montgomery,Tennessee,307,Redfin County Market Tracker
2015-04,Robertson,Tennessee,105,Redfin County Market Tracker
2015-04,Rutherford,Tennessee,474,Redfin County Market Tracker
2015-04,Sumner,Tennessee,295,Redfin County Market Tracker
2015-04,Williamson,Tennessee,422,Redfin County Market Tracker
2015-04,Wilson,Tennessee,229,Redfin County Market Tracker
2015-05,Cheatham,Tennessee,59,Redfin County Market Tracker
2015-05,Davidson,Tennessee,1349,Redfin County Market Tracker
2015-05,Dickson,Tennessee,68,Redfin County Market Tracker
2015-05,Maury,Tennessee,143,Redfin County Market Tracker
2015-05,Montgomery,Tennessee,328,Redfin County Market Tracker
2015-05,Robertson,Tennessee,85,Redfin County Market Tracker
2015-05,Rutherford,Tennessee,594,Redfin County Market Tracker
2015-05,Sumner,Tennessee,332,Redfin County Market Tracker
2015-05,Williamson,Tennessee,554,Redfin County Market Tracker
2015-05,Wilson,Tennessee,273,Redfin County Market Tracker
2015-06,Cheatham,Tennessee,57,Redfin County Market Tracker
2015-06,Davidson,Tennessee,1403,Redfin County Market Tracker
2015-06,Dickson,Tennessee,59,Redfin County Market Tracker
2015-06,Maury,Tennessee,197,Redfin County Market Tracker
2015-06,Montgomery,Tennessee,360,Redfin County Market Tracker
2015-06,Robertson,Tennessee,96,Redfin County Market Tracker
2015-06,Rutherford,Tennessee,602,Redfin County Market Tracker
2015-06,Sumner,Tennessee,324,Redfin County Market Tracker
2015-06,Williamson,Tennessee,684,Redfin County Market Tracker
2015-06,Wilson,Tennessee,280,Redfin County Market Tracker
2015-07,Cheatham,Tennessee,49,Redfin County Market Tracker
2015-07,Davidson,Tennessee,1384,Redfin County Market Tracker
2015-07,Dickson,Tennessee,53,Redfin County Market Tracker
2015-07,Maury,Tennessee,203,Redfin County Market Tracker
2015-07,Montgomery,Tennessee,385,Redfin County Market Tracker
2015-07,Robertson,Tennessee,104,Redfin County Market Tracker
2015-07,Rutherford,Tennessee,700,Redfin County Market Tracker
2015-07,Sumner,Tennessee,389,Redfin County Market Tracker
2015-07,Williamson,Tennessee,621,Redfin County Market Tracker
2015-07,Wilson,Tennessee,284,Redfin County Market Tracker
2015-08,Cheatham,Tennessee,68,Redfin County Market Tracker
2015-08,Davidson,Tennessee,1320,Redfin County Market Tracker
2015-08,Dickson,Tennessee,64,Redfin County Market Tracker
2015-08,Maury,Tennessee,183,Redfin County Market Tracker
2015-08,Montgomery,Tennessee,357,Redfin County Market Tracker
2015-08,Robertson,Tennessee,111,Redfin County Market Tracker
2015-08,Rutherford,Tennessee,653,Redfin County Market Tracker
2015-08,Sumner,Tennessee,387,Redfin County Market Tracker
2015-08,Williamson,Tennessee,618,Redfin County Market Tracker
2015-08,Wilson,Tennessee,294,Redfin County Market Tracker
2015-09,Cheatham,Tennessee,66,Redfin County Market Tracker
2015-09,Davidson,Tennessee,1201,Redfin County Market Tracker
2015-09,Dickson,Tennessee,54,Redfin County Market Tracker
2015-09,Maury,Tennessee,183,Redfin County Market Tracker
2015-09,Montgomery,Tennessee,312,Redfin County Market Tracker
2015-09,Robertson,Tennessee,100,Redfin County Market Tracker
2015-09,Rutherford,Tennessee,577,Redfin County Market Tracker
2015-09,Sumner,Tennessee,323,Redfin County Market Tracker
2015-09,Williamson,Tennessee,528,Redfin County Market Tracker
2015-09,Wilson,Tennessee,290,Redfin County Market Tracker
2015-10,Cheatham,Tennessee,56,Redfin County Market Tracker
2015-10,Davidson,Tennessee,1110,Redfin County Market Tracker
2015-10,Dickson,Tennessee,64,Redfin County Market Tracker
2015-10,Maury,Tennessee,129,Redfin County Market Tracker
2015-10,Montgomery,Tennessee,284,Redfin County Market Tracker
2015-10,Robertson,Tennessee,99,Redfin County Market Tracker
2015-10,Rutherford,Tennessee,485,Redfin County Market Tracker
2015-10,Sumner,Tennessee,329,Redfin County Market Tracker
2015-10,Williamson,Tennessee,430,Redfin County Market Tracker
2015-10,Wilson,Tennessee,213,Redfin County Market Tracker
2015-11,Cheatham,Tennessee,35,Redfin County Market Tracker
2015-11,Davidson,Tennessee,840,Redfin County Market Tracker
2015-11,Dickson,Tennessee,39,Redfin County Market Tracker
2015-11,Maury,Tennessee,102,Redfin County Market Tracker
2015-11,Montgomery,Tennessee,238,Redfin County Market Tracker
2015-11,Robertson,Tennessee,76,Redfin County Market Tracker
2015-11,Rutherford,Tennessee,391,Redfin County Market Tracker
2015-11,Sumner,Tennessee,246,Redfin County Market Tracker
2015-11,Williamson,Tennessee,375,Redfin County Market Tracker
2015-11,Wilson,Tennessee,179,Redfin County Market Tracker
2015-12,Cheatham,Tennessee,59,Redfin County Market Tracker
2015-12,Davidson,Tennessee,1235,Redfin County Market Tracker
2015-12,Dickson,Tennessee,37,Redfin County Market Tracker
2015-12,Maury,Tennessee,129,Redfin County Market Tracker
2015-12,Montgomery,Tennessee,326,Redfin County Market Tracker
2015-12,Robertson,Tennessee,60,Redfin County Market Tracker
2015-12,Rutherford,Tennessee,508,Redfin County Market Tracker
2015-12,Sumner,Tennessee,287,Redfin County Market Tracker
2015-12,Williamson,Tennessee,511,Redfin County Market Tracker
2015-12,Wilson,Tennessee,208,Redfin County Market Tracker
2016-01,Cheatham,Tennessee,33,Redfin County Market Tracker
2016-01,Davidson,Tennessee,780,Redfin County Market Tracker
2016-01,Dickson,Tennessee,40,Redfin County Market Tracker
2016-01,Maury,Tennessee,128,Redfin County Market Tracker
2016-01,Montgomery,Tennessee,226,Redfin County Market Tracker
2016-01,Robertson,Tennessee,68,Redfin County Market Tracker
2016-01,Rutherford,Tennessee,353,Redfin County Market Tracker
2016-01,Sumner,Tennessee,185,Redfin County Market Tracker
2016-01,Williamson,Tennessee,334,Redfin County Market Tracker
2016-01,Wilson,Tennessee,181,Redfin County Market Tracker
2016-02,Cheatham,Tennessee,43,Redfin County Market Tracker
2016-02,Davidson,Tennessee,846,Redfin County Market Tracker
2016-02,Dickson,Tennessee,49,Redfin County Market Tracker
2016-02,Maury,Tennessee,111,Redfin County Market Tracker
2016-02,Montgomery,Tennessee,304,Redfin County Market Tracker
2016-02,Robertson,Tennessee,73,Redfin County Market Tracker
2016-02,Rutherford,Tennessee,409,Redfin County Market Tracker
2016-02,Sumner,Tennessee,240,Redfin County Market Tracker
2016-02,Williamson,Tennessee,302,Redfin County Market Tracker
2016-02,Wilson,Tennessee,174,Redfin County Market Tracker
2016-03,Cheatham,Tennessee,37,Redfin County Market Tracker
2016-03,Davidson,Tennessee,1132,Redfin County Market Tracker
2016-03,Dickson,Tennessee,68,Redfin County Market Tracker
2016-03,Maury,Tennessee,153,Redfin County Market Tracker
2016-03,Montgomery,Tennessee,368,Redfin County Market Tracker
2016-03,Robertson,Tennessee,80,Redfin County Market Tracker
2016-03,Rutherford,Tennessee,543,Redfin County Market Tracker
2016-03,Sumner,Tennessee,313,Redfin County Market Tracker
2016-03,Williamson,Tennessee,464,Redfin County Market Tracker
2016-03,Wilson,Tennessee,235,Redfin County Market Tracker
2016-04,Cheatham,Tennessee,50,Redfin County Market Tracker
2016-04,Davidson,Tennessee,1167,Redfin County Market Tracker
2016-04,Dickson,Tennessee,67,Redfin County Market Tracker
2016-04,Maury,Tennessee,154,Redfin County Market Tracker
2016-04,Montgomery,Tennessee,352,Redfin County Market Tracker
2016-04,Robertson,Tennessee,85,Redfin County Market Tracker
2016-04,Rutherford,Tennessee,574,Redfin County Market Tracker
2016-04,Sumner,Tennessee,323,Redfin County Market Tracker
2016-04,Williamson,Tennessee,488,Redfin County Market Tracker
2016-04,Wilson,Tennessee,238,Redfin County Market Tracker
2016-05,Cheatham,Tennessee,76,Redfin County Market Tracker
2016-05,Davidson,Tennessee,1354,Redfin County Market Tracker
2016-05,Dickson,Tennessee,66,Redfin County Market Tracker
2016-05,Maury,Tennessee,180,Redfin County Market Tracker
2016-05,Montgomery,Tennessee,385,Redfin County Market Tracker
2016-05,Robertson,Tennessee,99,Redfin County Market Tracker
2016-05,Rutherford,Tennessee,599,Redfin County Market Tracker
2016-05,Sumner,Tennessee,375,Redfin County Market Tracker
2016-05,Williamson,Tennessee,558,Redfin County Market Tracker
2016-05,Wilson,Tennessee,272,Redfin County Market Tracker
2016-06,Cheatham,Tennessee,53,Redfin County Market Tracker
2016-06,Davidson,Tennessee,1447,Redfin County Market Tracker
2016-06,Dickson,Tennessee,55,Redfin County Market Tracker
2016-06,Maury,Tennessee,183,Redfin County Market Tracker
2016-06,Montgomery,Tennessee,398,Redfin County Market Tracker
2016-06,Robertson,Tennessee,100,Redfin County Market Tracker
2016-06,Rutherford,Tennessee,696,Redfin County Market Tracker
2016-06,Sumner,Tennessee,386,Redfin County Market Tracker
2016-06,Williamson,Tennessee,611,Redfin County Market Tracker
2016-06,Wilson,Tennessee,263,Redfin County Market Tracker
2016-07,Cheatham,Tennessee,48,Redfin County Market Tracker
2016-07,Davidson,Tennessee,1301,Redfin County Market Tracker
2016-07,Dickson,Tennessee,51,Redfin County Market Tracker
2016-07,Maury,Tennessee,146,Redfin County Market Tracker
2016-07,Montgomery,Tennessee,414,Redfin County Market Tracker
2016-07,Robertson,Tennessee,103,Redfin County Market Tracker
2016-07,Rutherford,Tennessee,696,Redfin County Market Tracker
2016-07,Sumner,Tennessee,361,Redfin County Market Tracker
2016-07,Williamson,Tennessee,631,Redfin County Market Tracker
2016-07,Wilson,Tennessee,295,Redfin County Market Tracker
2016-08,Cheatham,Tennessee,56,Redfin County Market Tracker
2016-08,Davidson,Tennessee,1320,Redfin County Market Tracker
2016-08,Dickson,Tennessee,75,Redfin County Market Tracker
2016-08,Maury,Tennessee,198,Redfin County Market Tracker
2016-08,Montgomery,Tennessee,417,Redfin County Market Tracker
2016-08,Robertson,Tennessee,119,Redfin County Market Tracker
2016-08,Rutherford,Tennessee,671,Redfin County Market Tracker
2016-08,Sumner,Tennessee,393,Redfin County Market Tracker
2016-08,Williamson,Tennessee,573,Redfin County Market Tracker
2016-08,Wilson,Tennessee,255,Redfin County Market Tracker
2016-09,Cheatham,Tennessee,62,Redfin County Market Tracker
2016-09,Davidson,Tennessee,1175,Redfin County Market Tracker
2016-09,Dickson,Tennessee,65,Redfin County Market Tracker
2016-09,Maury,Tennessee,174,Redfin County Market Tracker
2016-09,Montgomery,Tennessee,342,Redfin County Market Tracker
2016-09,Robertson,Tennessee,143,Redfin County Market Tracker
2016-09,Rutherford,Tennessee,664,Redfin County Market Tracker
2016-09,Sumner,Tennessee,329,Redfin County Market Tracker
2016-09,Williamson,Tennessee,524,Redfin County Market Tracker
2016-09,Wilson,Tennessee,276,Redfin County Market Tracker
2016-10,Cheatham,Tennessee,50,Redfin County Market Tracker
2016-10,Davidson,Tennessee,1119,Redfin County Market Tracker
2016-10,Dickson,Tennessee,60,Redfin County Market Tracker
2016-10,Maury,Tennessee,169,Redfin County Market Tracker
2016-10,Montgomery,Tennessee,362,Redfin County Market Tracker
2016-10,Robertson,Tennessee,97,Redfin County Market Tracker
2016-10,Rutherford,Tennessee,585,Redfin County Market Tracker
2016-10,Sumner,Tennessee,339,Redfin County Market Tracker
2016-10,Williamson,Tennessee,516,Redfin County Market Tracker
2016-10,Wilson,Tennessee,265,Redfin County Market Tracker
2016-11,Cheatham,Tennessee,43,Redfin County Market Tracker
2016-11,Davidson,Tennessee,1073,Redfin County Market Tracker
2016-11,Dickson,Tennessee,53,Redfin County Market Tracker
2016-11,Maury,Tennessee,152,Redfin County Market Tracker
2016-11,Montgomery,Tennessee,349,Redfin County Market Tracker
2016-11,Robertson,Tennessee,80,Redfin County Market Tracker
2016-11,Rutherford,Tennessee,561,Redfin County Market Tracker
2016-11,Sumner,Tennessee,321,Redfin County Market Tracker
2016-11,Williamson,Tennessee,414,Redfin County Market Tracker
2016-11,Wilson,Tennessee,203,Redfin County Market Tracker
2016-12,Cheatham,Tennessee,48,Redfin County Market Tracker
2016-12,Davidson,Tennessee,1158,Redfin County Market Tracker
2016-12,Dickson,Tennessee,60,Redfin County Market Tracker
2016-12,Maury,Tennessee,169,Redfin County Market Tracker
2016-12,Montgomery,Tennessee,352,Redfin County Market Tracker
2016-12,Robertson,Tennessee,95,Redfin County Market Tracker
2016-12,Rutherford,Tennessee,542,Redfin County Market Tracker
2016-12,Sumner,Tennessee,371,Redfin County Market Tracker
2016-12,Williamson,Tennessee,492,Redfin County Market Tracker
2016-12,Wilson,Tennessee,235,Redfin County Market Tracker
2017-01,Cheatham,Tennessee,39,Redfin County Market Tracker
2017-01,Davidson,Tennessee,873,Redfin County Market Tracker
2017-01,Dickson,Tennessee,33,Redfin County Market Tracker
2017-01,Maury,Tennessee,143,Redfin County Market Tracker
2017-01,Montgomery,Tennessee,255,Redfin County Market Tracker
2017-01,Robertson,Tennessee,64,Redfin County Market Tracker
2017-01,Rutherford,Tennessee,399,Redfin County Market Tracker
2017-01,Sumner,Tennessee,247,Redfin County Market Tracker
2017-01,Williamson,Tennessee,336,Redfin County Market Tracker
2017-01,Wilson,Tennessee,174,Redfin County Market Tracker
2017-02,Cheatham,Tennessee,30,Redfin County Market Tracker
2017-02,Davidson,Tennessee,880,Redfin County Market Tracker
2017-02,Dickson,Tennessee,52,Redfin County Market Tracker
2017-02,Maury,Tennessee,144,Redfin County Market Tracker
2017-02,Montgomery,Tennessee,286,Redfin County Market Tracker
2017-02,Robertson,Tennessee,68,Redfin County Market Tracker
2017-02,Rutherford,Tennessee,417,Redfin County Market Tracker
2017-02,Sumner,Tennessee,270,Redfin County Market Tracker
2017-02,Williamson,Tennessee,323,Redfin County Market Tracker
2017-02,Wilson,Tennessee,194,Redfin County Market Tracker
2017-03,Cheatham,Tennessee,53,Redfin County Market Tracker
2017-03,Davidson,Tennessee,1136,Redfin County Market Tracker
2017-03,Dickson,Tennessee,65,Redfin County Market Tracker
2017-03,Maury,Tennessee,206,Redfin County Market Tracker
2017-03,Montgomery,Tennessee,405,Redfin County Market Tracker
2017-03,Robertson,Tennessee,91,Redfin County Market Tracker
2017-03,Rutherford,Tennessee,595,Redfin County Market Tracker
2017-03,Sumner,Tennessee,350,Redfin County Market Tracker
2017-03,Williamson,Tennessee,459,Redfin County Market Tracker
2017-03,Wilson,Tennessee,284,Redfin County Market Tracker
2017-04,Cheatham,Tennessee,54,Redfin County Market Tracker
2017-04,Davidson,Tennessee,1122,Redfin County Market Tracker
2017-04,Dickson,Tennessee,60,Redfin County Market Tracker
2017-04,Maury,Tennessee,152,Redfin County Market Tracker
2017-04,Montgomery,Tennessee,381,Redfin County Market Tracker
2017-04,Robertson,Tennessee,95,Redfin County Market Tracker
2017-04,Rutherford,Tennessee,557,Redfin County Market Tracker
2017-04,Sumner,Tennessee,359,Redfin County Market Tracker
2017-04,Williamson,Tennessee,476,Redfin County Market Tracker
2017-04,Wilson,Tennessee,272,Redfin County Market Tracker
2017-05,Cheatham,Tennessee,73,Redfin County Market Tracker
2017-05,Davidson,Tennessee,1380,Redfin County Market Tracker
2017-05,Dickson,Tennessee,59,Redfin County Market Tracker
2017-05,Maury,Tennessee,217,Redfin County Market Tracker
2017-05,Montgomery,Tennessee,469,Redfin County Market Tracker
2017-05,Robertson,Tennessee,96,Redfin County Market Tracker
2017-05,Rutherford,Tennessee,662,Redfin County Market Tracker
2017-05,Sumner,Tennessee,392,Redfin County Market Tracker
2017-05,Williamson,Tennessee,568,Redfin County Market Tracker
2017-05,Wilson,Tennessee,302,Redfin County Market Tracker
2017-06,Cheatham,Tennessee,57,Redfin County Market Tracker
2017-06,Davidson,Tennessee,1290,Redfin County Market Tracker
2017-06,Dickson,Tennessee,55,Redfin County Market Tracker
2017-06,Maury,Tennessee,188,Redfin County Market Tracker
2017-06,Montgomery,Tennessee,505,Redfin County Market Tracker
2017-06,Robertson,Tennessee,110,Redfin County Market Tracker
2017-06,Rutherford,Tennessee,713,Redfin County Market Tracker
2017-06,Sumner,Tennessee,432,Redfin County Market Tracker
2017-06,Williamson,Tennessee,604,Redfin County Market Tracker
2017-06,Wilson,Tennessee,320,Redfin County Market Tracker
2017-07,Cheatham,Tennessee,61,Redfin County Market Tracker
2017-07,Davidson,Tennessee,1369,Redfin County Market Tracker
2017-07,Dickson,Tennessee,55,Redfin County Market Tracker
2017-07,Maury,Tennessee,166,Redfin County Market Tracker
2017-07,Montgomery,Tennessee,472,Redfin County Market Tracker
2017-07,Robertson,Tennessee,124,Redfin County Market Tracker
2017-07,Rutherford,Tennessee,670,Redfin County Market Tracker
2017-07,Sumner,Tennessee,340,Redfin County Market Tracker
2017-07,Williamson,Tennessee,650,Redfin County Market Tracker
2017-07,Wilson,Tennessee,319,Redfin County Market Tracker
2017-08,Cheatham,Tennessee,60,Redfin County Market Tracker
2017-08,Davidson,Tennessee,1348,Redfin County Market Tracker
2017-08,Dickson,Tennessee,71,Redfin County Market Tracker
2017-08,Maury,Tennessee,205,Redfin County Market Tracker
2017-08,Montgomery,Tennessee,446,Redfin County Market Tracker
2017-08,Robertson,Tennessee,104,Redfin County Market Tracker
2017-08,Rutherford,Tennessee,724,Redfin County Market Tracker
2017-08,Sumner,Tennessee,369,Redfin County Market Tracker
2017-08,Williamson,Tennessee,595,Redfin County Market Tracker
2017-08,Wilson,Tennessee,307,Redfin County Market Tracker
2017-09,Cheatham,Tennessee,56,Redfin County Market Tracker
2017-09,Davidson,Tennessee,1255,Redfin County Market Tracker
2017-09,Dickson,Tennessee,66,Redfin County Market Tracker
2017-09,Maury,Tennessee,154,Redfin County Market Tracker
2017-09,Montgomery,Tennessee,405,Redfin County Market Tracker
2017-09,Robertson,Tennessee,109,Redfin County Market Tracker
2017-09,Rutherford,Tennessee,649,Redfin County Market Tracker
2017-09,Sumner,Tennessee,354,Redfin County Market Tracker
2017-09,Williamson,Tennessee,529,Redfin County Market Tracker
2017-09,Wilson,Tennessee,291,Redfin County Market Tracker
2017-10,Cheatham,Tennessee,44,Redfin County Market Tracker
2017-10,Davidson,Tennessee,1134,Redfin County Market Tracker
2017-10,Dickson,Tennessee,57,Redfin County Market Tracker
2017-10,Maury,Tennessee,199,Redfin County Market Tracker
2017-10,Montgomery,Tennessee,449,Redfin County Market Tracker
2017-10,Robertson,Tennessee,141,Redfin County Market Tracker
2017-10,Rutherford,Tennessee,601,Redfin County Market Tracker
2017-10,Sumner,Tennessee,292,Redfin County Market Tracker
2017-10,Williamson,Tennessee,439,Redfin County Market Tracker
2017-10,Wilson,Tennessee,265,Redfin County Market Tracker
2017-11,Cheatham,Tennessee,43,Redfin County Market Tracker
2017-11,Davidson,Tennessee,1094,Redfin County Market Tracker
2017-11,Dickson,Tennessee,52,Redfin County Market Tracker
2017-11,Maury,Tennessee,143,Redfin County Market Tracker
2017-11,Montgomery,Tennessee,363,Redfin County Market Tracker
2017-11,Robertson,Tennessee,84,Redfin County Market Tracker
2017-11,Rutherford,Tennessee,589,Redfin County Market Tracker
2017-11,Sumner,Tennessee,340,Redfin County Market Tracker
2017-11,Williamson,Tennessee,450,Redfin County Market Tracker
2017-11,Wilson,Tennessee,238,Redfin County Market Tracker
2017-12,Cheatham,Tennessee,52,Redfin County Market Tracker
2017-12,Davidson,Tennessee,1108,Redfin County Market Tracker
2017-12,Dickson,Tennessee,56,Redfin County Market Tracker
2017-12,Maury,Tennessee,188,Redfin County Market Tracker
2017-12,Montgomery,Tennessee,414,Redfin County Market Tracker
2017-12,Robertson,Tennessee,94,Redfin County Market Tracker
2017-12,Rutherford,Tennessee,509,Redfin County Market Tracker
2017-12,Sumner,Tennessee,338,Redfin County Market Tracker
2017-12,Williamson,Tennessee,496,Redfin County Market Tracker
2017-12,Wilson,Tennessee,260,Redfin County Market Tracker
2018-01,Cheatham,Tennessee,32,Redfin County Market Tracker
2018-01,Davidson,Tennessee,843,Redfin County Market Tracker
2018-01,Dickson,Tennessee,52,Redfin County Market Tracker
2018-01,Maury,Tennessee,143,Redfin County Market Tracker
2018-01,Montgomery,Tennessee,308,Redfin County Market Tracker
2018-01,Robertson,Tennessee,70,Redfin County Market Tracker
2018-01,Rutherford,Tennessee,350,Redfin County Market Tracker
2018-01,Sumner,Tennessee,217,Redfin County Market Tracker
2018-01,Williamson,Tennessee,307,Redfin County Market Tracker
2018-01,Wilson,Tennessee,174,Redfin County Market Tracker
2018-02,Cheatham,Tennessee,35,Redfin County Market Tracker
2018-02,Davidson,Tennessee,854,Redfin County Market Tracker
2018-02,Dickson,Tennessee,42,Redfin County Market Tracker
2018-02,Maury,Tennessee,118,Redfin County Market Tracker
2018-02,Montgomery,Tennessee,334,Redfin County Market Tracker
2018-02,Robertson,Tennessee,70,Redfin County Market Tracker
2018-02,Rutherford,Tennessee,413,Redfin County Market Tracker
2018-02,Sumner,Tennessee,230,Redfin County Market Tracker
2018-02,Williamson,Tennessee,331,Redfin County Market Tracker
2018-02,Wilson,Tennessee,216,Redfin County Market Tracker
2018-03,Cheatham,Tennessee,62,Redfin County Market Tracker
2018-03,Davidson,Tennessee,1217,Redfin County Market Tracker
2018-03,Dickson,Tennessee,60,Redfin County Market Tracker
2018-03,Maury,Tennessee,168,Redfin County Market Tracker
2018-03,Montgomery,Tennessee,458,Redfin County Market Tracker
2018-03,Robertson,Tennessee,96,Redfin County Market Tracker
2018-03,Rutherford,Tennessee,609,Redfin County Market Tracker
2018-03,Sumner,Tennessee,326,Redfin County Market Tracker
2018-03,Williamson,Tennessee,468,Redfin County Market Tracker
2018-03,Wilson,Tennessee,269,Redfin County Market Tracker
2018-04,Cheatham,Tennessee,43,Redfin County Market Tracker
2018-04,Davidson,Tennessee,1222,Redfin County Market Tracker
2018-04,Dickson,Tennessee,71,Redfin County Market Tracker
2018-04,Maury,Tennessee,173,Redfin County Market Tracker
2018-04,Montgomery,Tennessee,444,Redfin County Market Tracker
2018-04,Robertson,Tennessee,97,Redfin County Market Tracker
2018-04,Rutherford,Tennessee,621,Redfin County Market Tracker
2018-04,Sumner,Tennessee,328,Redfin County Market Tracker
2018-04,Williamson,Tennessee,480,Redfin County Market Tracker
2018-04,Wilson,Tennessee,277,Redfin County Market Tracker
2018-05,Cheatham,Tennessee,57,Redfin County Market Tracker
2018-05,Davidson,Tennessee,1356,Redfin County Market Tracker
2018-05,Dickson,Tennessee,76,Redfin County Market Tracker
2018-05,Maury,Tennessee,180,Redfin County Market Tracker
2018-05,Montgomery,Tennessee,533,Redfin County Market Tracker
2018-05,Robertson,Tennessee,113,Redfin County Market Tracker
2018-05,Rutherford,Tennessee,673,Redfin County Market Tracker
2018-05,Sumner,Tennessee,315,Redfin County Market Tracker
2018-05,Williamson,Tennessee,570,Redfin County Market Tracker
2018-05,Wilson,Tennessee,284,Redfin County Market Tracker
2018-06,Cheatham,Tennessee,53,Redfin County Market Tracker
2018-06,Davidson,Tennessee,1426,Redfin County Market Tracker
2018-06,Dickson,Tennessee,66,Redfin County Market Tracker
2018-06,Maury,Tennessee,227,Redfin County Market Tracker
2018-06,Montgomery,Tennessee,591,Redfin County Market Tracker
2018-06,Robertson,Tennessee,123,Redfin County Market Tracker
2018-06,Rutherford,Tennessee,723,Redfin County Market Tracker
2018-06,Sumner,Tennessee,362,Redfin County Market Tracker
2018-06,Williamson,Tennessee,639,Redfin County Market Tracker
2018-06,Wilson,Tennessee,293,Redfin County Market Tracker
2018-07,Cheatham,Tennessee,62,Redfin County Market Tracker
2018-07,Davidson,Tennessee,1287,Redfin County Market Tracker
2018-07,Dickson,Tennessee,64,Redfin County Market Tracker
2018-07,Maury,Tennessee,207,Redfin County Market Tracker
2018-07,Montgomery,Tennessee,497,Redfin County Market Tracker
2018-07,Robertson,Tennessee,99,Redfin County Market Tracker
2018-07,Rutherford,Tennessee,686,Redfin County Market Tracker
2018-07,Sumner,Tennessee,358,Redfin County Market Tracker
2018-07,Williamson,Tennessee,630,Redfin County Market Tracker
2018-07,Wilson,Tennessee,311,Redfin County Market Tracker
2018-08,Cheatham,Tennessee,61,Redfin County Market Tracker
2018-08,Davidson,Tennessee,1344,Redfin County Market Tracker
2018-08,Dickson,Tennessee,81,Redfin County Market Tracker
2018-08,Maury,Tennessee,223,Redfin County Market Tracker
2018-08,Montgomery,Tennessee,584,Redfin County Market Tracker
2018-08,Robertson,Tennessee,98,Redfin County Market Tracker
2018-08,Rutherford,Tennessee,713,Redfin County Market Tracker
2018-08,Sumner,Tennessee,378,Redfin County Market Tracker
2018-08,Williamson,Tennessee,625,Redfin County Market Tracker
2018-08,Wilson,Tennessee,328,Redfin County Market Tracker
2018-09,Cheatham,Tennessee,66,Redfin County Market Tracker
2018-09,Davidson,Tennessee,1123,Redfin County Market Tracker
2018-09,Dickson,Tennessee,60,Redfin County Market Tracker
2018-09,Maury,Tennessee,161,Redfin County Market Tracker
2018-09,Montgomery,Tennessee,460,Redfin County Market Tracker
2018-09,Robertson,Tennessee,85,Redfin County Market Tracker
2018-09,Rutherford,Tennessee,585,Redfin County Market Tracker
2018-09,Sumner,Tennessee,344,Redfin County Market Tracker
2018-09,Williamson,Tennessee,463,Redfin County Market Tracker
2018-09,Wilson,Tennessee,271,Redfin County Market Tracker
2018-10,Cheatham,Tennessee,51,Redfin County Market Tracker
2018-10,Davidson,Tennessee,1122,Redfin County Market Tracker
2018-10,Dickson,Tennessee,58,Redfin County Market Tracker
2018-10,Maury,Tennessee,163,Redfin County Market Tracker
2018-10,Montgomery,Tennessee,418,Redfin County Market Tracker
2018-10,Robertson,Tennessee,101,Redfin County Market Tracker
2018-10,Rutherford,Tennessee,582,Redfin County Market Tracker
2018-10,Sumner,Tennessee,327,Redfin County Market Tracker
2018-10,Williamson,Tennessee,466,Redfin County Market Tracker
2018-10,Wilson,Tennessee,251,Redfin County Market Tracker
2018-11,Cheatham,Tennessee,50,Redfin County Market Tracker
2018-11,Davidson,Tennessee,1061,Redfin County Market Tracker
2018-11,Dickson,Tennessee,55,Redfin County Market Tracker
2018-11,Maury,Tennessee,167,Redfin County Market Tracker
2018-11,Montgomery,Tennessee,423,Redfin County Market Tracker
2018-11,Robertson,Tennessee,113,Redfin County Market Tracker
2018-11,Rutherford,Tennessee,526,Redfin County Market Tracker
2018-11,Sumner,Tennessee,300,Redfin County Market Tracker
2018-11,Williamson,Tennessee,410,Redfin County Market Tracker
2018-11,Wilson,Tennessee,191,Redfin County Market Tracker
2018-12,Cheatham,Tennessee,64,Redfin County Market Tracker
2018-12,Davidson,Tennessee,1038,Redfin County Market Tracker
2018-12,Dickson,Tennessee,55,Redfin County Market Tracker
2018-12,Maury,Tennessee,165,Redfin County Market Tracker
2018-12,Montgomery,Tennessee,358,Redfin County Market Tracker
2018-12,Robertson,Tennessee,76,Redfin County Market Tracker
2018-12,Rutherford,Tennessee,481,Redfin County Market Tracker
2018-12,Sumner,Tennessee,296,Redfin County Market Tracker
2018-12,Williamson,Tennessee,437,Redfin County Market Tracker
2018-12,Wilson,Tennessee,226,Redfin County Market Tracker
2019-01,Cheatham,Tennessee,34,Redfin County Market Tracker
2019-01,Davidson,Tennessee,862,Redfin County Market Tracker
2019-01,Dickson,Tennessee,39,Redfin County Market Tracker
2019-01,Maury,Tennessee,132,Redfin County Market Tracker
2019-01,Montgomery,Tennessee,290,Redfin County Market Tracker
2019-01,Robertson,Tennessee,68,Redfin County Market Tracker
2019-01,Rutherford,Tennessee,381,Redfin County Market Tracker
2019-01,Sumner,Tennessee,198,Redfin County Market Tracker
2019-01,Williamson,Tennessee,300,Redfin County Market Tracker
2019-01,Wilson,Tennessee,167,Redfin County Market Tracker
2019-02,Cheatham,Tennessee,35,Redfin County Market Tracker
2019-02,Davidson,Tennessee,883,Redfin County Market Tracker
2019-02,Dickson,Tennessee,64,Redfin County Market Tracker
2019-02,Maury,Tennessee,171,Redfin County Market Tracker
2019-02,Montgomery,Tennessee,375,Redfin County Market Tracker
2019-02,Robertson,Tennessee,87,Redfin County Market Tracker
2019-02,Rutherford,Tennessee,427,Redfin County Market Tracker
2019-02,Sumner,Tennessee,236,Redfin County Market Tracker
2019-02,Williamson,Tennessee,331,Redfin County Market Tracker
2019-02,Wilson,Tennessee,209,Redfin County Market Tracker
2019-03,Cheatham,Tennessee,62,Redfin County Market Tracker
2019-03,Davidson,Tennessee,1151,Redfin County Market Tracker
2019-03,Dickson,Tennessee,76,Redfin County Market Tracker
2019-03,Maury,Tennessee,199,Redfin County Market Tracker
2019-03,Montgomery,Tennessee,371,Redfin County Market Tracker
2019-03,Robertson,Tennessee,94,Redfin County Market Tracker
2019-03,Rutherford,Tennessee,570,Redfin County Market Tracker
2019-03,Sumner,Tennessee,323,Redfin County Market Tracker
2019-03,Williamson,Tennessee,416,Redfin County Market Tracker
2019-03,Wilson,Tennessee,254,Redfin County Market Tracker
2019-04,Cheatham,Tennessee,64,Redfin County Market Tracker
2019-04,Davidson,Tennessee,1344,Redfin County Market Tracker
2019-04,Dickson,Tennessee,73,Redfin County Market Tracker
2019-04,Maury,Tennessee,197,Redfin County Market Tracker
2019-04,Montgomery,Tennessee,439,Redfin County Market Tracker
2019-04,Robertson,Tennessee,88,Redfin County Market Tracker
2019-04,Rutherford,Tennessee,621,Redfin County Market Tracker
2019-04,Sumner,Tennessee,328,Redfin County Market Tracker
2019-04,Williamson,Tennessee,496,Redfin County Market Tracker
2019-04,Wilson,Tennessee,247,Redfin County Market Tracker
2019-05,Cheatham,Tennessee,59,Redfin County Market Tracker
2019-05,Davidson,Tennessee,1498,Redfin County Market Tracker
2019-05,Dickson,Tennessee,85,Redfin County Market Tracker
2019-05,Maury,Tennessee,202,Redfin County Market Tracker
2019-05,Montgomery,Tennessee,536,Redfin County Market Tracker
2019-05,Robertson,Tennessee,157,Redfin County Market Tracker
2019-05,Rutherford,Tennessee,702,Redfin County Market Tracker
2019-05,Sumner,Tennessee,430,Redfin County Market Tracker
2019-05,Williamson,Tennessee,598,Redfin County Market Tracker
2019-05,Wilson,Tennessee,327,Redfin County Market Tracker
2019-06,Cheatham,Tennessee,51,Redfin County Market Tracker
2019-06,Davidson,Tennessee,1494,Redfin County Market Tracker
2019-06,Dickson,Tennessee,68,Redfin County Market Tracker
2019-06,Maury,Tennessee,267,Redfin County Market Tracker
2019-06,Montgomery,Tennessee,552,Redfin County Market Tracker
2019-06,Robertson,Tennessee,115,Redfin County Market Tracker
2019-06,Rutherford,Tennessee,676,Redfin County Market Tracker
2019-06,Sumner,Tennessee,441,Redfin County Market Tracker
2019-06,Williamson,Tennessee,637,Redfin County Market Tracker
2019-06,Wilson,Tennessee,338,Redfin County Market Tracker
2019-07,Cheatham,Tennessee,61,Redfin County Market Tracker
2019-07,Davidson,Tennessee,1470,Redfin County Market Tracker
2019-07,Dickson,Tennessee,84,Redfin County Market Tracker
2019-07,Maury,Tennessee,227,Redfin County Market Tracker
2019-07,Montgomery,Tennessee,582,Redfin County Market Tracker
2019-07,Robertson,Tennessee,92,Redfin County Market Tracker
2019-07,Rutherford,Tennessee,744,Redfin County Market Tracker
2019-07,Sumner,Tennessee,371,Redfin County Market Tracker
2019-07,Williamson,Tennessee,689,Redfin County Market Tracker
2019-07,Wilson,Tennessee,321,Redfin County Market Tracker
2019-08,Cheatham,Tennessee,77,Redfin County Market Tracker
2019-08,Davidson,Tennessee,1394,Redfin County Market Tracker
2019-08,Dickson,Tennessee,96,Redfin County Market Tracker
2019-08,Maury,Tennessee,216,Redfin County Market Tracker
2019-08,Montgomery,Tennessee,544,Redfin County Market Tracker
2019-08,Robertson,Tennessee,107,Redfin County Market Tracker
2019-08,Rutherford,Tennessee,716,Redfin County Market Tracker
2019-08,Sumner,Tennessee,444,Redfin County Market Tracker
2019-08,Williamson,Tennessee,629,Redfin County Market Tracker
2019-08,Wilson,Tennessee,331,Redfin County Market Tracker
2019-09,Cheatham,Tennessee,51,Redfin County Market Tracker
2019-09,Davidson,Tennessee,1278,Redfin County Market Tracker
2019-09,Dickson,Tennessee,87,Redfin County Market Tracker
2019-09,Maury,Tennessee,232,Redfin County Market Tracker
2019-09,Montgomery,Tennessee,497,Redfin County Market Tracker
2019-09,Robertson,Tennessee,125,Redfin County Market Tracker
2019-09,Rutherford,Tennessee,613,Redfin County Market Tracker
2019-09,Sumner,Tennessee,377,Redfin County Market Tracker
2019-09,Williamson,Tennessee,497,Redfin County Market Tracker
2019-09,Wilson,Tennessee,313,Redfin County Market Tracker
2019-10,Cheatham,Tennessee,54,Redfin County Market Tracker
2019-10,Davidson,Tennessee,1261,Redfin County Market Tracker
2019-10,Dickson,Tennessee,87,Redfin County Market Tracker
2019-10,Maury,Tennessee,262,Redfin County Market Tracker
2019-10,Montgomery,Tennessee,476,Redfin County Market Tracker
2019-10,Robertson,Tennessee,101,Redfin County Market Tracker
2019-10,Rutherford,Tennessee,635,Redfin County Market Tracker
2019-10,Sumner,Tennessee,369,Redfin County Market Tracker
2019-10,Williamson,Tennessee,527,Redfin County Market Tracker
2019-10,Wilson,Tennessee,326,Redfin County Market Tracker
2019-11,Cheatham,Tennessee,55,Redfin County Market Tracker
2019-11,Davidson,Tennessee,1104,Redfin County Market Tracker
2019-11,Dickson,Tennessee,73,Redfin County Market Tracker
2019-11,Maury,Tennessee,171,Redfin County Market Tracker
2019-11,Montgomery,Tennessee,437,Redfin County Market Tracker
2019-11,Robertson,Tennessee,80,Redfin County Market Tracker
2019-11,Rutherford,Tennessee,527,Redfin County Market Tracker
2019-11,Sumner,Tennessee,368,Redfin County Market Tracker
2019-11,Williamson,Tennessee,494,Redfin County Market Tracker
2019-11,Wilson,Tennessee,269,Redfin County Market Tracker
2019-12,Cheatham,Tennessee,55,Redfin County Market Tracker
2019-12,Davidson,Tennessee,1136,Redfin County Market Tracker
2019-12,Dickson,Tennessee,74,Redfin County Market Tracker
2019-12,Maury,Tennessee,195,Redfin County Market Tracker
2019-12,Montgomery,Tennessee,443,Redfin County Market Tracker
2019-12,Robertson,Tennessee,95,Redfin County Market Tracker
2019-12,Rutherford,Tennessee,640,Redfin County Market Tracker
2019-12,Sumner,Tennessee,359,Redfin County Market Tracker
2019-12,Williamson,Tennessee,514,Redfin County Market Tracker
2019-12,Wilson,Tennessee,308,Redfin County Market Tracker
2020-01,Cheatham,Tennessee,57,Redfin County Market Tracker
2020-01,Davidson,Tennessee,965,Redfin County Market Tracker
2020-01,Dickson,Tennessee,65,Redfin County Market Tracker
2020-01,Maury,Tennessee,139,Redfin County Market Tracker
2020-01,Montgomery,Tennessee,379,Redfin County Market Tracker
2020-01,Robertson,Tennessee,76,Redfin County Market Tracker
2020-01,Rutherford,Tennessee,470,Redfin County Market Tracker
2020-01,Sumner,Tennessee,272,Redfin County Market Tracker
2020-01,Williamson,Tennessee,340,Redfin County Market Tracker
2020-01,Wilson,Tennessee,198,Redfin County Market Tracker
2020-02,Cheatham,Tennessee,61,Redfin County Market Tracker
2020-02,Davidson,Tennessee,1042,Redfin County Market Tracker
2020-02,Dickson,Tennessee,66,Redfin County Market Tracker
2020-02,Maury,Tennessee,169,Redfin County Market Tracker
2020-02,Montgomery,Tennessee,375,Redfin County Market Tracker
2020-02,Robertson,Tennessee,92,Redfin County Market Tracker
2020-02,Rutherford,Tennessee,465,Redfin County Market Tracker
2020-02,Sumner,Tennessee,278,Redfin County Market Tracker
2020-02,Williamson,Tennessee,369,Redfin County Market Tracker
2020-02,Wilson,Tennessee,246,Redfin County Market Tracker
2020-03,Cheatham,Tennessee,65,Redfin County Market Tracker
2020-03,Davidson,Tennessee,1161,Redfin County Market Tracker
2020-03,Dickson,Tennessee,76,Redfin County Market Tracker
2020-03,Maury,Tennessee,180,Redfin County Market Tracker
2020-03,Montgomery,Tennessee,489,Redfin County Market Tracker
2020-03,Robertson,Tennessee,118,Redfin County Market Tracker
2020-03,Rutherford,Tennessee,649,Redfin County Market Tracker
2020-03,Sumner,Tennessee,352,Redfin County Market Tracker
2020-03,Williamson,Tennessee,499,Redfin County Market Tracker
2020-03,Wilson,Tennessee,265,Redfin County Market Tracker
2020-04,Cheatham,Tennessee,60,Redfin County Market Tracker
2020-04,Davidson,Tennessee,982,Redfin County Market Tracker
2020-04,Dickson,Tennessee,68,Redfin County Market Tracker
2020-04,Maury,Tennessee,161,Redfin County Market Tracker
2020-04,Montgomery,Tennessee,457,Redfin County Market Tracker
2020-04,Robertson,Tennessee,79,Redfin County Market Tracker
2020-04,Rutherford,Tennessee,566,Redfin County Market Tracker
2020-04,Sumner,Tennessee,328,Redfin County Market Tracker
2020-04,Williamson,Tennessee,382,Redfin County Market Tracker
2020-04,Wilson,Tennessee,274,Redfin County Market Tracker
2020-05,Cheatham,Tennessee,66,Redfin County Market Tracker
2020-05,Davidson,Tennessee,1043,Redfin County Market Tracker
2020-05,Dickson,Tennessee,61,Redfin County Market Tracker
2020-05,Maury,Tennessee,192,Redfin County Market Tracker
2020-05,Montgomery,Tennessee,487,Redfin County Market Tracker
2020-05,Robertson,Tennessee,145,Redfin County Market Tracker
2020-05,Rutherford,Tennessee,617,Redfin County Market Tracker
2020-05,Sumner,Tennessee,333,Redfin County Market Tracker
2020-05,Williamson,Tennessee,438,Redfin County Market Tracker
2020-05,Wilson,Tennessee,283,Redfin County Market Tracker
2020-06,Cheatham,Tennessee,59,Redfin County Market Tracker
2020-06,Davidson,Tennessee,1371,Redfin County Market Tracker
2020-06,Dickson,Tennessee,77,Redfin County Market Tracker
2020-06,Maury,Tennessee,244,Redfin County Market Tracker
2020-06,Montgomery,Tennessee,574,Redfin County Market Tracker
2020-06,Robertson,Tennessee,133,Redfin County Market Tracker
2020-06,Rutherford,Tennessee,802,Redfin County Market Tracker
2020-06,Sumner,Tennessee,456,Redfin County Market Tracker
2020-06,Williamson,Tennessee,637,Redfin County Market Tracker
2020-06,Wilson,Tennessee,357,Redfin County Market Tracker
2020-07,Cheatham,Tennessee,96,Redfin County Market Tracker
2020-07,Davidson,Tennessee,1468,Redfin County Market Tracker
2020-07,Dickson,Tennessee,106,Redfin County Market Tracker
2020-07,Maury,Tennessee,291,Redfin County Market Tracker
2020-07,Montgomery,Tennessee,683,Redfin County Market Tracker
2020-07,Robertson,Tennessee,147,Redfin County Market Tracker
2020-07,Rutherford,Tennessee,894,Redfin County Market Tracker
2020-07,Sumner,Tennessee,471,Redfin County Market Tracker
2020-07,Williamson,Tennessee,798,Redfin County Market Tracker
2020-07,Wilson,Tennessee,380,Redfin County Market Tracker
2020-08,Cheatham,Tennessee,71,Redfin County Market Tracker
2020-08,Davidson,Tennessee,1399,Redfin County Market Tracker
2020-08,Dickson,Tennessee,93,Redfin County Market Tracker
2020-08,Maury,Tennessee,281,Redfin County Market Tracker
2020-08,Montgomery,Tennessee,604,Redfin County Market Tracker
2020-08,Robertson,Tennessee,116,Redfin County Market Tracker
2020-08,Rutherford,Tennessee,795,Redfin County Market Tracker
2020-08,Sumner,Tennessee,431,Redfin County Market Tracker
2020-08,Williamson,Tennessee,706,Redfin County Market Tracker
2020-08,Wilson,Tennessee,408,Redfin County Market Tracker
2020-09,Cheatham,Tennessee,91,Redfin County Market Tracker
2020-09,Davidson,Tennessee,1486,Redfin County Market Tracker
2020-09,Dickson,Tennessee,101,Redfin County Market Tracker
2020-09,Maury,Tennessee,261,Redfin County Market Tracker
2020-09,Montgomery,Tennessee,596,Redfin County Market Tracker
2020-09,Robertson,Tennessee,144,Redfin County Market Tracker
2020-09,Rutherford,Tennessee,781,Redfin County Market Tracker
2020-09,Sumner,Tennessee,417,Redfin County Market Tracker
2020-09,Williamson,Tennessee,636,Redfin County Market Tracker
2020-09,Wilson,Tennessee,343,Redfin County Market Tracker
2020-10,Cheatham,Tennessee,67,Redfin County Market Tracker
2020-10,Davidson,Tennessee,1447,Redfin County Market Tracker
2020-10,Dickson,Tennessee,83,Redfin County Market Tracker
2020-10,Maury,Tennessee,253,Redfin County Market Tracker
2020-10,Montgomery,Tennessee,566,Redfin County Market Tracker
2020-10,Robertson,Tennessee,127,Redfin County Market Tracker
2020-10,Rutherford,Tennessee,754,Redfin County Market Tracker
2020-10,Sumner,Tennessee,400,Redfin County Market Tracker
2020-10,Williamson,Tennessee,650,Redfin County Market Tracker
2020-10,Wilson,Tennessee,362,Redfin County Market Tracker
2020-11,Cheatham,Tennessee,55,Redfin County Market Tracker
2020-11,Davidson,Tennessee,1284,Redfin County Market Tracker
2020-11,Dickson,Tennessee,64,Redfin County Market Tracker
2020-11,Maury,Tennessee,252,Redfin County Market Tracker
2020-11,Montgomery,Tennessee,524,Redfin County Market Tracker
2020-11,Robertson,Tennessee,115,Redfin County Market Tracker
2020-11,Rutherford,Tennessee,693,Redfin County Market Tracker
2020-11,Sumner,Tennessee,323,Redfin County Market Tracker
2020-11,Williamson,Tennessee,489,Redfin County Market Tracker
2020-11,Wilson,Tennessee,315,Redfin County Market Tracker
2020-12,Cheatham,Tennessee,79,Redfin County Market Tracker
2020-12,Davidson,Tennessee,1491,Redfin County Market Tracker
2020-12,Dickson,Tennessee,87,Redfin County Market Tracker
2020-12,Maury,Tennessee,309,Redfin County Market Tracker
2020-12,Montgomery,Tennessee,560,Redfin County Market Tracker
2020-12,Robertson,Tennessee,117,Redfin County Market Tracker
2020-12,Rutherford,Tennessee,780,Redfin County Market Tracker
2020-12,Sumner,Tennessee,413,Redfin County Market Tracker
2020-12,Williamson,Tennessee,575,Redfin County Market Tracker
2020-12,Wilson,Tennessee,355,Redfin County Market Tracker
2021-01,Cheatham,Tennessee,39,Redfin County Market Tracker
2021-01,Davidson,Tennessee,977,Redfin County Market Tracker
2021-01,Dickson,Tennessee,66,Redfin County Market Tracker
2021-01,Maury,Tennessee,189,Redfin County Market Tracker
2021-01,Montgomery,Tennessee,434,Redfin County Market Tracker
2021-01,Robertson,Tennessee,84,Redfin County Market Tracker
2021-01,Rutherford,Tennessee,485,Redfin County Market Tracker
2021-01,Sumner,Tennessee,245,Redfin County Market Tracker
2021-01,Williamson,Tennessee,337,Redfin County Market Tracker
2021-01,Wilson,Tennessee,204,Redfin County Market Tracker
2021-02,Cheatham,Tennessee,42,Redfin County Market Tracker
2021-02,Davidson,Tennessee,1117,Redfin County Market Tracker
2021-02,Dickson,Tennessee,60,Redfin County Market Tracker
2021-02,Maury,Tennessee,166,Redfin County Market Tracker
2021-02,Montgomery,Tennessee,413,Redfin County Market Tracker
2021-02,Robertson,Tennessee,81,Redfin County Market Tracker
2021-02,Rutherford,Tennessee,489,Redfin County Market Tracker
2021-02,Sumner,Tennessee,294,Redfin County Market Tracker
2021-02,Williamson,Tennessee,358,Redfin County Market Tracker
2021-02,Wilson,Tennessee,233,Redfin County Market Tracker
2021-03,Cheatham,Tennessee,58,Redfin County Market Tracker
2021-03,Davidson,Tennessee,1335,Redfin County Market Tracker
2021-03,Dickson,Tennessee,95,Redfin County Market Tracker
2021-03,Maury,Tennessee,236,Redfin County Market Tracker
2021-03,Montgomery,Tennessee,572,Redfin County Market Tracker
2021-03,Robertson,Tennessee,106,Redfin County Market Tracker
2021-03,Rutherford,Tennessee,666,Redfin County Market Tracker
2021-03,Sumner,Tennessee,369,Redfin County Market Tracker
2021-03,Williamson,Tennessee,474,Redfin County Market Tracker
2021-03,Wilson,Tennessee,311,Redfin County Market Tracker
2021-04,Cheatham,Tennessee,63,Redfin County Market Tracker
2021-04,Davidson,Tennessee,1497,Redfin County Market Tracker
2021-04,Dickson,Tennessee,75,Redfin County Market Tracker
2021-04,Maury,Tennessee,226,Redfin County Market Tracker
2021-04,Montgomery,Tennessee,541,Redfin County Market Tracker
2021-04,Robertson,Tennessee,126,Redfin County Market Tracker
2021-04,Rutherford,Tennessee,664,Redfin County Market Tracker
2021-04,Sumner,Tennessee,362,Redfin County Market Tracker
2021-04,Williamson,Tennessee,525,Redfin County Market Tracker
2021-04,Wilson,Tennessee,330,Redfin County Market Tracker
2021-05,Cheatham,Tennessee,69,Redfin County Market Tracker
2021-05,Davidson,Tennessee,1454,Redfin County Market Tracker
2021-05,Dickson,Tennessee,81,Redfin County Market Tracker
2021-05,Maury,Tennessee,251,Redfin County Market Tracker
2021-05,Montgomery,Tennessee,558,Redfin County Market Tracker
2021-05,Robertson,Tennessee,122,Redfin County Market Tracker
2021-05,Rutherford,Tennessee,598,Redfin County Market Tracker
2021-05,Sumner,Tennessee,382,Redfin County Market Tracker
2021-05,Williamson,Tennessee,507,Redfin County Market Tracker
2021-05,Wilson,Tennessee,330,Redfin County Market Tracker
2021-06,Cheatham,Tennessee,72,Redfin County Market Tracker
2021-06,Davidson,Tennessee,1591,Redfin County Market Tracker
2021-06,Dickson,Tennessee,90,Redfin County Market Tracker
2021-06,Maury,Tennessee,260,Redfin County Market Tracker
2021-06,Montgomery,Tennessee,679,Redfin County Market Tracker
2021-06,Robertson,Tennessee,141,Redfin County Market Tracker
2021-06,Rutherford,Tennessee,708,Redfin County Market Tracker
2021-06,Sumner,Tennessee,458,Redfin County Market Tracker
2021-06,Williamson,Tennessee,677,Redfin County Market Tracker
2021-06,Wilson,Tennessee,410,Redfin County Market Tracker
2021-07,Cheatham,Tennessee,64,Redfin County Market Tracker
2021-07,Davidson,Tennessee,1423,Redfin County Market Tracker
2021-07,Dickson,Tennessee,94,Redfin County Market Tracker
2021-07,Maury,Tennessee,274,Redfin County Market Tracker
2021-07,Montgomery,Tennessee,722,Redfin County Market Tracker
2021-07,Robertson,Tennessee,135,Redfin County Market Tracker
2021-07,Rutherford,Tennessee,772,Redfin County Market Tracker
2021-07,Sumner,Tennessee,387,Redfin County Market Tracker
2021-07,Williamson,Tennessee,590,Redfin County Market Tracker
2021-07,Wilson,Tennessee,368,Redfin County Market Tracker
2021-08,Cheatham,Tennessee,65,Redfin County Market Tracker
2021-08,Davidson,Tennessee,1446,Redfin County Market Tracker
2021-08,Dickson,Tennessee,93,Redfin County Market Tracker
2021-08,Maury,Tennessee,297,Redfin County Market Tracker
2021-08,Montgomery,Tennessee,707,Redfin County Market Tracker
2021-08,Robertson,Tennessee,116,Redfin County Market Tracker
2021-08,Rutherford,Tennessee,786,Redfin County Market Tracker
2021-08,Sumner,Tennessee,392,Redfin County Market Tracker
2021-08,Williamson,Tennessee,593,Redfin County Market Tracker
2021-08,Wilson,Tennessee,332,Redfin County Market Tracker
2021-09,Cheatham,Tennessee,66,Redfin County Market Tracker
2021-09,Davidson,Tennessee,1356,Redfin County Market Tracker
2021-09,Dickson,Tennessee,78,Redfin County Market Tracker
2021-09,Maury,Tennessee,244,Redfin County Market Tracker
2021-09,Montgomery,Tennessee,679,Redfin County Market Tracker
2021-09,Robertson,Tennessee,144,Redfin County Market Tracker
2021-09,Rutherford,Tennessee,728,Redfin County Market Tracker
2021-09,Sumner,Tennessee,419,Redfin County Market Tracker
2021-09,Williamson,Tennessee,504,Redfin County Market Tracker
2021-09,Wilson,Tennessee,352,Redfin County Market Tracker
2021-10,Cheatham,Tennessee,63,Redfin County Market Tracker
2021-10,Davidson,Tennessee,1360,Redfin County Market Tracker
2021-10,Dickson,Tennessee,59,Redfin County Market Tracker
2021-10,Maury,Tennessee,252,Redfin County Market Tracker
2021-10,Montgomery,Tennessee,633,Redfin County Market Tracker
2021-10,Robertson,Tennessee,142,Redfin County Market Tracker
2021-10,Rutherford,Tennessee,697,Redfin County Market Tracker
2021-10,Sumner,Tennessee,404,Redfin County Market Tracker
2021-10,Williamson,Tennessee,500,Redfin County Market Tracker
2021-10,Wilson,Tennessee,327,Redfin County Market Tracker
2021-11,Cheatham,Tennessee,60,Redfin County Market Tracker
2021-11,Davidson,Tennessee,1404,Redfin County Market Tracker
2021-11,Dickson,Tennessee,92,Redfin County Market Tracker
2021-11,Maury,Tennessee,242,Redfin County Market Tracker
2021-11,Montgomery,Tennessee,572,Redfin County Market Tracker
2021-11,Robertson,Tennessee,128,Redfin County Market Tracker
2021-11,Rutherford,Tennessee,698,Redfin County Market Tracker
2021-11,Sumner,Tennessee,427,Redfin County Market Tracker
2021-11,Williamson,Tennessee,479,Redfin County Market Tracker
2021-11,Wilson,Tennessee,347,Redfin County Market Tracker
2021-12,Cheatham,Tennessee,68,Redfin County Market Tracker
2021-12,Davidson,Tennessee,1401,Redfin County Market Tracker
2021-12,Dickson,Tennessee,86,Redfin County Market Tracker
2021-12,Maury,Tennessee,272,Redfin County Market Tracker
2021-12,Montgomery,Tennessee,657,Redfin County Market Tracker
2021-12,Robertson,Tennessee,123,Redfin County Market Tracker
2021-12,Rutherford,Tennessee,711,Redfin County Market Tracker
2021-12,Sumner,Tennessee,430,Redfin County Market Tracker
2021-12,Williamson,Tennessee,509,Redfin County Market Tracker
2021-12,Wilson,Tennessee,361,Redfin County Market Tracker
2022-01,Cheatham,Tennessee,56,Redfin County Market Tracker
2022-01,Davidson,Tennessee,860,Redfin County Market Tracker
2022-01,Dickson,Tennessee,60,Redfin County Market Tracker
2022-01,Maury,Tennessee,188,Redfin County Market Tracker
2022-01,Montgomery,Tennessee,492,Redfin County Market Tracker
2022-01,Robertson,Tennessee,95,Redfin County Market Tracker
2022-01,Rutherford,Tennessee,471,Redfin County Market Tracker
2022-01,Sumner,Tennessee,245,Redfin County Market Tracker
2022-01,Williamson,Tennessee,288,Redfin County Market Tracker
2022-01,Wilson,Tennessee,234,Redfin County Market Tracker
2022-02,Cheatham,Tennessee,44,Redfin County Market Tracker
2022-02,Davidson,Tennessee,990,Redfin County Market Tracker
2022-02,Dickson,Tennessee,56,Redfin County Market Tracker
2022-02,Maury,Tennessee,212,Redfin County Market Tracker
2022-02,Montgomery,Tennessee,488,Redfin County Market Tracker
2022-02,Robertson,Tennessee,103,Redfin County Market Tracker
2022-02,Rutherford,Tennessee,500,Redfin County Market Tracker
2022-02,Sumner,Tennessee,292,Redfin County Market Tracker
2022-02,Williamson,Tennessee,317,Redfin County Market Tracker
2022-02,Wilson,Tennessee,238,Redfin County Market Tracker
2022-03,Cheatham,Tennessee,70,Redfin County Market Tracker
2022-03,Davidson,Tennessee,1201,Redfin County Market Tracker
2022-03,Dickson,Tennessee,87,Redfin County Market Tracker
2022-03,Maury,Tennessee,285,Redfin County Market Tracker
2022-03,Montgomery,Tennessee,674,Redfin County Market Tracker
2022-03,Robertson,Tennessee,151,Redfin County Market Tracker
2022-03,Rutherford,Tennessee,562,Redfin County Market Tracker
2022-03,Sumner,Tennessee,410,Redfin County Market Tracker
2022-03,Williamson,Tennessee,420,Redfin County Market Tracker
2022-03,Wilson,Tennessee,350,Redfin County Market Tracker
2022-04,Cheatham,Tennessee,61,Redfin County Market Tracker
2022-04,Davidson,Tennessee,1268,Redfin County Market Tracker
2022-04,Dickson,Tennessee,87,Redfin County Market Tracker
2022-04,Maury,Tennessee,253,Redfin County Market Tracker
2022-04,Montgomery,Tennessee,618,Redfin County Market Tracker
2022-04,Robertson,Tennessee,112,Redfin County Market Tracker
2022-04,Rutherford,Tennessee,593,Redfin County Market Tracker
2022-04,Sumner,Tennessee,362,Redfin County Market Tracker
2022-04,Williamson,Tennessee,478,Redfin County Market Tracker
2022-04,Wilson,Tennessee,356,Redfin County Market Tracker
2022-05,Cheatham,Tennessee,62,Redfin County Market Tracker
2022-05,Davidson,Tennessee,1311,Redfin County Market Tracker
2022-05,Dickson,Tennessee,97,Redfin County Market Tracker
2022-05,Maury,Tennessee,295,Redfin County Market Tracker
2022-05,Montgomery,Tennessee,701,Redfin County Market Tracker
2022-05,Robertson,Tennessee,141,Redfin County Market Tracker
2022-05,Rutherford,Tennessee,629,Redfin County Market Tracker
2022-05,Sumner,Tennessee,355,Redfin County Market Tracker
2022-05,Williamson,Tennessee,553,Redfin County Market Tracker
2022-05,Wilson,Tennessee,353,Redfin County Market Tracker
2022-06,Cheatham,Tennessee,77,Redfin County Market Tracker
2022-06,Davidson,Tennessee,1471,Redfin County Market Tracker
2022-06,Dickson,Tennessee,81,Redfin County Market Tracker
2022-06,Maury,Tennessee,249,Redfin County Market Tracker
2022-06,Montgomery,Tennessee,768,Redfin County Market Tracker
2022-06,Robertson,Tennessee,148,Redfin County Market Tracker
2022-06,Rutherford,Tennessee,668,Redfin County Market Tracker
2022-06,Sumner,Tennessee,441,Redfin County Market Tracker
2022-06,Williamson,Tennessee,562,Redfin County Market Tracker
2022-06,Wilson,Tennessee,411,Redfin County Market Tracker
2022-07,Cheatham,Tennessee,46,Redfin County Market Tracker
2022-07,Davidson,Tennessee,1110,Redfin County Market Tracker
2022-07,Dickson,Tennessee,65,Redfin County Market Tracker
2022-07,Maury,Tennessee,199,Redfin County Market Tracker
2022-07,Montgomery,Tennessee,641,Redfin County Market Tracker
2022-07,Robertson,Tennessee,110,Redfin County Market Tracker
2022-07,Rutherford,Tennessee,579,Redfin County Market Tracker
2022-07,Sumner,Tennessee,360,Redfin County Market Tracker
2022-07,Williamson,Tennessee,406,Redfin County Market Tracker
2022-07,Wilson,Tennessee,380,Redfin County Market Tracker
2022-08,Cheatham,Tennessee,71,Redfin County Market Tracker
2022-08,Davidson,Tennessee,1110,Redfin County Market Tracker
2022-08,Dickson,Tennessee,82,Redfin County Market Tracker
2022-08,Maury,Tennessee,247,Redfin County Market Tracker
2022-08,Montgomery,Tennessee,532,Redfin County Market Tracker
2022-08,Robertson,Tennessee,147,Redfin County Market Tracker
2022-08,Rutherford,Tennessee,588,Redfin County Market Tracker
2022-08,Sumner,Tennessee,395,Redfin County Market Tracker
2022-08,Williamson,Tennessee,448,Redfin County Market Tracker
2022-08,Wilson,Tennessee,320,Redfin County Market Tracker
2022-09,Cheatham,Tennessee,63,Redfin County Market Tracker
2022-09,Davidson,Tennessee,1074,Redfin County Market Tracker
2022-09,Dickson,Tennessee,93,Redfin County Market Tracker
2022-09,Maury,Tennessee,225,Redfin County Market Tracker
2022-09,Montgomery,Tennessee,480,Redfin County Market Tracker
2022-09,Robertson,Tennessee,137,Redfin County Market Tracker
2022-09,Rutherford,Tennessee,574,Redfin County Market Tracker
2022-09,Sumner,Tennessee,368,Redfin County Market Tracker
2022-09,Williamson,Tennessee,457,Redfin County Market Tracker
2022-09,Wilson,Tennessee,395,Redfin County Market Tracker
2022-10,Cheatham,Tennessee,52,Redfin County Market Tracker
2022-10,Davidson,Tennessee,884,Redfin County Market Tracker
2022-10,Dickson,Tennessee,75,Redfin County Market Tracker
2022-10,Maury,Tennessee,181,Redfin County Market Tracker
2022-10,Montgomery,Tennessee,403,Redfin County Market Tracker
2022-10,Robertson,Tennessee,99,Redfin County Market Tracker
2022-10,Rutherford,Tennessee,465,Redfin County Market Tracker
2022-10,Sumner,Tennessee,295,Redfin County Market Tracker
2022-10,Williamson,Tennessee,371,Redfin County Market Tracker
2022-10,Wilson,Tennessee,277,Redfin County Market Tracker
2022-11,Cheatham,Tennessee,31,Redfin County Market Tracker
2022-11,Davidson,Tennessee,806,Redfin County Market Tracker
2022-11,Dickson,Tennessee,55,Redfin County Market Tracker
2022-11,Maury,Tennessee,176,Redfin County Market Tracker
2022-11,Montgomery,Tennessee,320,Redfin County Market Tracker
2022-11,Robertson,Tennessee,89,Redfin County Market Tracker
2022-11,Rutherford,Tennessee,431,Redfin County Market Tracker
2022-11,Sumner,Tennessee,262,Redfin County Market Tracker
2022-11,Williamson,Tennessee,281,Redfin County Market Tracker
2022-11,Wilson,Tennessee,236,Redfin County Market Tracker
2022-12,Cheatham,Tennessee,29,Redfin County Market Tracker
2022-12,Davidson,Tennessee,864,Redfin County Market Tracker
2022-12,Dickson,Tennessee,53,Redfin County Market Tracker
2022-12,Maury,Tennessee,170,Redfin County Market Tracker
2022-12,Montgomery,Tennessee,348,Redfin County Market Tracker
2022-12,Robertson,Tennessee,93,Redfin County Market Tracker
2022-12,Rutherford,Tennessee,438,Redfin County Market Tracker
2022-12,Sumner,Tennessee,260,Redfin County Market Tracker
2022-12,Williamson,Tennessee,349,Redfin County Market Tracker
2022-12,Wilson,Tennessee,228,Redfin County Market Tracker
2023-01,Cheatham,Tennessee,27,Redfin County Market Tracker
2023-01,Davidson,Tennessee,566,Redfin County Market Tracker
2023-01,Dickson,Tennessee,47,Redfin County Market Tracker
2023-01,Maury,Tennessee,112,Redfin County Market Tracker
2023-01,Montgomery,Tennessee,292,Redfin County Market Tracker
2023-01,Robertson,Tennessee,58,Redfin County Market Tracker
2023-01,Rutherford,Tennessee,312,Redfin County Market Tracker
2023-01,Sumner,Tennessee,184,Redfin County Market Tracker
2023-01,Williamson,Tennessee,218,Redfin County Market Tracker
2023-01,Wilson,Tennessee,168,Redfin County Market Tracker
2023-02,Cheatham,Tennessee,38,Redfin County Market Tracker
2023-02,Davidson,Tennessee,714,Redfin County Market Tracker
2023-02,Dickson,Tennessee,43,Redfin County Market Tracker
2023-02,Maury,Tennessee,136,Redfin County Market Tracker
2023-02,Montgomery,Tennessee,333,Redfin County Market Tracker
2023-02,Robertson,Tennessee,84,Redfin County Market Tracker
2023-02,Rutherford,Tennessee,392,Redfin County Market Tracker
2023-02,Sumner,Tennessee,218,Redfin County Market Tracker
2023-02,Williamson,Tennessee,272,Redfin County Market Tracker
2023-02,Wilson,Tennessee,194,Redfin County Market Tracker
2023-03,Cheatham,Tennessee,55,Redfin County Market Tracker
2023-03,Davidson,Tennessee,1125,Redfin County Market Tracker
2023-03,Dickson,Tennessee,63,Redfin County Market Tracker
2023-03,Maury,Tennessee,204,Redfin County Market Tracker
2023-03,Montgomery,Tennessee,429,Redfin County Market Tracker
2023-03,Robertson,Tennessee,113,Redfin County Market Tracker
2023-03,Rutherford,Tennessee,549,Redfin County Market Tracker
2023-03,Sumner,Tennessee,309,Redfin County Market Tracker
2023-03,Williamson,Tennessee,375,Redfin County Market Tracker
2023-03,Wilson,Tennessee,253,Redfin County Market Tracker
2023-04,Cheatham,Tennessee,38,Redfin County Market Tracker
2023-04,Davidson,Tennessee,908,Redfin County Market Tracker
2023-04,Dickson,Tennessee,78,Redfin County Market Tracker
2023-04,Maury,Tennessee,180,Redfin County Market Tracker
2023-04,Montgomery,Tennessee,371,Redfin County Market Tracker
2023-04,Robertson,Tennessee,120,Redfin County Market Tracker
2023-04,Rutherford,Tennessee,444,Redfin County Market Tracker
2023-04,Sumner,Tennessee,279,Redfin County Market Tracker
2023-04,Williamson,Tennessee,318,Redfin County Market Tracker
2023-04,Wilson,Tennessee,225,Redfin County Market Tracker
2023-05,Cheatham,Tennessee,66,Redfin County Market Tracker
2023-05,Davidson,Tennessee,1172,Redfin County Market Tracker
2023-05,Dickson,Tennessee,76,Redfin County Market Tracker
2023-05,Maury,Tennessee,229,Redfin County Market Tracker
2023-05,Montgomery,Tennessee,488,Redfin County Market Tracker
2023-05,Robertson,Tennessee,127,Redfin County Market Tracker
2023-05,Rutherford,Tennessee,534,Redfin County Market Tracker
2023-05,Sumner,Tennessee,349,Redfin County Market Tracker
2023-05,Williamson,Tennessee,450,Redfin County Market Tracker
2023-05,Wilson,Tennessee,265,Redfin County Market Tracker
2023-06,Cheatham,Tennessee,63,Redfin County Market Tracker
2023-06,Davidson,Tennessee,1121,Redfin County Market Tracker
2023-06,Dickson,Tennessee,87,Redfin County Market Tracker
2023-06,Maury,Tennessee,259,Redfin County Market Tracker
2023-06,Montgomery,Tennessee,561,Redfin County Market Tracker
2023-06,Robertson,Tennessee,111,Redfin County Market Tracker
2023-06,Rutherford,Tennessee,622,Redfin County Market Tracker
2023-06,Sumner,Tennessee,334,Redfin County Market Tracker
2023-06,Williamson,Tennessee,494,Redfin County Market Tracker
2023-06,Wilson,Tennessee,292,Redfin County Market Tracker
2023-07,Cheatham,Tennessee,42,Redfin County Market Tracker
2023-07,Davidson,Tennessee,1027,Redfin County Market Tracker
2023-07,Dickson,Tennessee,79,Redfin County Market Tracker
2023-07,Maury,Tennessee,203,Redfin County Market Tracker
2023-07,Montgomery,Tennessee,372,Redfin County Market Tracker
2023-07,Robertson,Tennessee,118,Redfin County Market Tracker
2023-07,Rutherford,Tennessee,519,Redfin County Market Tracker
2023-07,Sumner,Tennessee,269,Redfin County Market Tracker
2023-07,Williamson,Tennessee,391,Redfin County Market Tracker
2023-07,Wilson,Tennessee,256,Redfin County Market Tracker
2023-08,Cheatham,Tennessee,51,Redfin County Market Tracker
2023-08,Davidson,Tennessee,1121,Redfin County Market Tracker
2023-08,Dickson,Tennessee,68,Redfin County Market Tracker
2023-08,Maury,Tennessee,196,Redfin County Market Tracker
2023-08,Montgomery,Tennessee,408,Redfin County Market Tracker
2023-08,Robertson,Tennessee,116,Redfin County Market Tracker
2023-08,Rutherford,Tennessee,564,Redfin County Market Tracker
2023-08,Sumner,Tennessee,339,Redfin County Market Tracker
2023-08,Williamson,Tennessee,438,Redfin County Market Tracker
2023-08,Wilson,Tennessee,271,Redfin County Market Tracker
2023-09,Cheatham,Tennessee,43,Redfin County Market Tracker
2023-09,Davidson,Tennessee,917,Redfin County Market Tracker
2023-09,Dickson,Tennessee,72,Redfin County Market Tracker
2023-09,Maury,Tennessee,221,Redfin County Market Tracker
2023-09,Montgomery,Tennessee,348,Redfin County Market Tracker
2023-09,Robertson,Tennessee,96,Redfin County Market Tracker
2023-09,Rutherford,Tennessee,498,Redfin County Market Tracker
2023-09,Sumner,Tennessee,284,Redfin County Market Tracker
2023-09,Williamson,Tennessee,331,Redfin County Market Tracker
2023-09,Wilson,Tennessee,243,Redfin County Market Tracker
2023-10,Cheatham,Tennessee,40,Redfin County Market Tracker
2023-10,Davidson,Tennessee,863,Redfin County Market Tracker
2023-10,Dickson,Tennessee,71,Redfin County Market Tracker
2023-10,Maury,Tennessee,232,Redfin County Market Tracker
2023-10,Montgomery,Tennessee,360,Redfin County Market Tracker
2023-10,Robertson,Tennessee,98,Redfin County Market Tracker
2023-10,Rutherford,Tennessee,415,Redfin County Market Tracker
2023-10,Sumner,Tennessee,253,Redfin County Market Tracker
2023-10,Williamson,Tennessee,359,Redfin County Market Tracker
2023-10,Wilson,Tennessee,228,Redfin County Market Tracker
2023-11,Cheatham,Tennessee,42,Redfin County Market Tracker
2023-11,Davidson,Tennessee,747,Redfin County Market Tracker
2023-11,Dickson,Tennessee,66,Redfin County Market Tracker
2023-11,Maury,Tennessee,158,Redfin County Market Tracker
2023-11,Montgomery,Tennessee,290,Redfin County Market Tracker
2023-11,Robertson,Tennessee,85,Redfin County Market Tracker
2023-11,Rutherford,Tennessee,425,Redfin County Market Tracker
2023-11,Sumner,Tennessee,242,Redfin County Market Tracker
2023-11,Williamson,Tennessee,301,Redfin County Market Tracker
2023-11,Wilson,Tennessee,220,Redfin County Market Tracker
2023-12,Cheatham,Tennessee,46,Redfin County Market Tracker
2023-12,Davidson,Tennessee,751,Redfin County Market Tracker
2023-12,Dickson,Tennessee,68,Redfin County Market Tracker
2023-12,Maury,Tennessee,152,Redfin County Market Tracker
2023-12,Montgomery,Tennessee,310,Redfin County Market Tracker
2023-12,Robertson,Tennessee,72,Redfin County Market Tracker
2023-12,Rutherford,Tennessee,450,Redfin County Market Tracker
2023-12,Sumner,Tennessee,264,Redfin County Market Tracker
2023-12,Williamson,Tennessee,332,Redfin County Market Tracker
2023-12,Wilson,Tennessee,199,Redfin County Market Tracker
2024-01,Cheatham,Tennessee,25,Redfin County Market Tracker
2024-01,Davidson,Tennessee,595,Redfin County Market Tracker
2024-01,Dickson,Tennessee,46,Redfin County Market Tracker
2024-01,Maury,Tennessee,112,Redfin County Market Tracker
2024-01,Montgomery,Tennessee,250,Redfin County Market Tracker
2024-01,Robertson,Tennessee,72,Redfin County Market Tracker
2024-01,Rutherford,Tennessee,334,Redfin County Market Tracker
2024-01,Sumner,Tennessee,204,Redfin County Market Tracker
2024-01,Williamson,Tennessee,255,Redfin County Market Tracker
2024-01,Wilson,Tennessee,147,Redfin County Market Tracker
2024-02,Cheatham,Tennessee,41,Redfin County Market Tracker
2024-02,Davidson,Tennessee,760,Redfin County Market Tracker
2024-02,Dickson,Tennessee,62,Redfin County Market Tracker
2024-02,Maury,Tennessee,140,Redfin County Market Tracker
2024-02,Montgomery,Tennessee,305,Redfin County Market Tracker
2024-02,Robertson,Tennessee,75,Redfin County Market Tracker
2024-02,Rutherford,Tennessee,391,Redfin County Market Tracker
2024-02,Sumner,Tennessee,220,Redfin County Market Tracker
2024-02,Williamson,Tennessee,255,Redfin County Market Tracker
2024-02,Wilson,Tennessee,192,Redfin County Market Tracker
2024-03,Cheatham,Tennessee,55,Redfin County Market Tracker
2024-03,Davidson,Tennessee,944,Redfin County Market Tracker
2024-03,Dickson,Tennessee,57,Redfin County Market Tracker
2024-03,Maury,Tennessee,176,Redfin County Market Tracker
2024-03,Montgomery,Tennessee,393,Redfin County Market Tracker
2024-03,Robertson,Tennessee,131,Redfin County Market Tracker
2024-03,Rutherford,Tennessee,442,Redfin County Market Tracker
2024-03,Sumner,Tennessee,273,Redfin County Market Tracker
2024-03,Williamson,Tennessee,358,Redfin County Market Tracker
2024-03,Wilson,Tennessee,253,Redfin County Market Tracker
2024-04,Cheatham,Tennessee,52,Redfin County Market Tracker
2024-04,Davidson,Tennessee,1016,Redfin County Market Tracker
2024-04,Dickson,Tennessee,78,Redfin County Market Tracker
2024-04,Maury,Tennessee,196,Redfin County Market Tracker
2024-04,Montgomery,Tennessee,403,Redfin County Market Tracker
2024-04,Robertson,Tennessee,109,Redfin County Market Tracker
2024-04,Rutherford,Tennessee,461,Redfin County Market Tracker
2024-04,Sumner,Tennessee,328,Redfin County Market Tracker
2024-04,Williamson,Tennessee,406,Redfin County Market Tracker
2024-04,Wilson,Tennessee,244,Redfin County Market Tracker
2024-05,Cheatham,Tennessee,71,Redfin County Market Tracker
2024-05,Davidson,Tennessee,1174,Redfin County Market Tracker
2024-05,Dickson,Tennessee,79,Redfin County Market Tracker
2024-05,Maury,Tennessee,226,Redfin County Market Tracker
2024-05,Montgomery,Tennessee,520,Redfin County Market Tracker
2024-05,Robertson,Tennessee,151,Redfin County Market Tracker
2024-05,Rutherford,Tennessee,550,Redfin County Market Tracker
2024-05,Sumner,Tennessee,365,Redfin County Market Tracker
2024-05,Williamson,Tennessee,473,Redfin County Market Tracker
2024-05,Wilson,Tennessee,267,Redfin County Market Tracker
2024-06,Cheatham,Tennessee,54,Redfin County Market Tracker
2024-06,Davidson,Tennessee,913,Redfin County Market Tracker
2024-06,Dickson,Tennessee,73,Redfin County Market Tracker
2024-06,Maury,Tennessee,235,Redfin County Market Tracker
2024-06,Montgomery,Tennessee,430,Redfin County Market Tracker
2024-06,Robertson,Tennessee,99,Redfin County Market Tracker
2024-06,Rutherford,Tennessee,419,Redfin County Market Tracker
2024-06,Sumner,Tennessee,328,Redfin County Market Tracker
2024-06,Williamson,Tennessee,476,Redfin County Market Tracker
2024-06,Wilson,Tennessee,289,Redfin County Market Tracker
2024-07,Cheatham,Tennessee,62,Redfin County Market Tracker
2024-07,Davidson,Tennessee,940,Redfin County Market Tracker
2024-07,Dickson,Tennessee,72,Redfin County Market Tracker
2024-07,Maury,Tennessee,206,Redfin County Market Tracker
2024-07,Montgomery,Tennessee,417,Redfin County Market Tracker
2024-07,Robertson,Tennessee,128,Redfin County Market Tracker
2024-07,Rutherford,Tennessee,533,Redfin County Market Tracker
2024-07,Sumner,Tennessee,369,Redfin County Market Tracker
2024-07,Williamson,Tennessee,466,Redfin County Market Tracker
2024-07,Wilson,Tennessee,254,Redfin County Market Tracker
2024-08,Cheatham,Tennessee,64,Redfin County Market Tracker
2024-08,Davidson,Tennessee,920,Redfin County Market Tracker
2024-08,Dickson,Tennessee,72,Redfin County Market Tracker
2024-08,Maury,Tennessee,236,Redfin County Market Tracker
2024-08,Montgomery,Tennessee,381,Redfin County Market Tracker
2024-08,Robertson,Tennessee,110,Redfin County Market Tracker
2024-08,Rutherford,Tennessee,527,Redfin County Market Tracker
2024-08,Sumner,Tennessee,379,Redfin County Market Tracker
2024-08,Williamson,Tennessee,423,Redfin County Market Tracker
2024-08,Wilson,Tennessee,274,Redfin County Market Tracker
2024-09,Cheatham,Tennessee,58,Redfin County Market Tracker
2024-09,Davidson,Tennessee,878,Redfin County Market Tracker
2024-09,Dickson,Tennessee,60,Redfin County Market Tracker
2024-09,Maury,Tennessee,189,Redfin County Market Tracker
2024-09,Montgomery,Tennessee,340,Redfin County Market Tracker
2024-09,Robertson,Tennessee,126,Redfin County Market Tracker
2024-09,Rutherford,Tennessee,465,Redfin County Market Tracker
2024-09,Sumner,Tennessee,301,Redfin County Market Tracker
2024-09,Williamson,Tennessee,352,Redfin County Market Tracker
2024-09,Wilson,Tennessee,245,Redfin County Market Tracker
2024-10,Cheatham,Tennessee,62,Redfin County Market Tracker
2024-10,Davidson,Tennessee,867,Redfin County Market Tracker
2024-10,Dickson,Tennessee,73,Redfin County Market Tracker
2024-10,Maury,Tennessee,214,Redfin County Market Tracker
2024-10,Montgomery,Tennessee,354,Redfin County Market Tracker
2024-10,Robertson,Tennessee,114,Redfin County Market Tracker
2024-10,Rutherford,Tennessee,501,Redfin County Market Tracker
2024-10,Sumner,Tennessee,291,Redfin County Market Tracker
2024-10,Williamson,Tennessee,369,Redfin County Market Tracker
2024-10,Wilson,Tennessee,251,Redfin County Market Tracker
2024-11,Cheatham,Tennessee,36,Redfin County Market Tracker
2024-11,Davidson,Tennessee,765,Redfin County Market Tracker
2024-11,Dickson,Tennessee,51,Redfin County Market Tracker
2024-11,Maury,Tennessee,150,Redfin County Market Tracker
2024-11,Montgomery,Tennessee,292,Redfin County Market Tracker
2024-11,Robertson,Tennessee,116,Redfin County Market Tracker
2024-11,Rutherford,Tennessee,468,Redfin County Market Tracker
2024-11,Sumner,Tennessee,301,Redfin County Market Tracker
2024-11,Williamson,Tennessee,337,Redfin County Market Tracker
2024-11,Wilson,Tennessee,224,Redfin County Market Tracker
2024-12,Cheatham,Tennessee,45,Redfin County Market Tracker
2024-12,Davidson,Tennessee,853,Redfin County Market Tracker
2024-12,Dickson,Tennessee,57,Redfin County Market Tracker
2024-12,Maury,Tennessee,155,Redfin County Market Tracker
2024-12,Montgomery,Tennessee,364,Redfin County Market Tracker
2024-12,Robertson,Tennessee,107,Redfin County Market Tracker
2024-12,Rutherford,Tennessee,491,Redfin County Market Tracker
2024-12,Sumner,Tennessee,303,Redfin County Market Tracker
2024-12,Williamson,Tennessee,424,Redfin County Market Tracker
2024-12,Wilson,Tennessee,275,Redfin County Market Tracker
2025-01,Cheatham,Tennessee,46,Redfin County Market Tracker
2025-01,Davidson,Tennessee,581,Redfin County Market Tracker
2025-01,Dickson,Tennessee,42,Redfin County Market Tracker
2025-01,Maury,Tennessee,148,Redfin County Market Tracker
2025-01,Montgomery,Tennessee,232,Redfin County Market Tracker
2025-01,Robertson,Tennessee,75,Redfin County Market Tracker
2025-01,Rutherford,Tennessee,283,Redfin County Market Tracker
2025-01,Sumner,Tennessee,195,Redfin County Market Tracker
2025-01,Williamson,Tennessee,260,Redfin County Market Tracker
2025-01,Wilson,Tennessee,163,Redfin County Market Tracker
2025-02,Cheatham,Tennessee,49,Redfin County Market Tracker
2025-02,Davidson,Tennessee,705,Redfin County Market Tracker
2025-02,Dickson,Tennessee,59,Redfin County Market Tracker
2025-02,Maury,Tennessee,126,Redfin County Market Tracker
2025-02,Montgomery,Tennessee,313,Redfin County Market Tracker
2025-02,Robertson,Tennessee,80,Redfin County Market Tracker
2025-02,Rutherford,Tennessee,331,Redfin County Market Tracker
2025-02,Sumner,Tennessee,231,Redfin County Market Tracker
2025-02,Williamson,Tennessee,278,Redfin County Market Tracker
2025-02,Wilson,Tennessee,205,Redfin County Market Tracker
2025-03,Cheatham,Tennessee,68,Redfin County Market Tracker
2025-03,Davidson,Tennessee,899,Redfin County Market Tracker
2025-03,Dickson,Tennessee,59,Redfin County Market Tracker
2025-03,Maury,Tennessee,166,Redfin County Market Tracker
2025-03,Montgomery,Tennessee,328,Redfin County Market Tracker
2025-03,Robertson,Tennessee,107,Redfin County Market Tracker
2025-03,Rutherford,Tennessee,413,Redfin County Market Tracker
2025-03,Sumner,Tennessee,275,Redfin County Market Tracker
2025-03,Williamson,Tennessee,421,Redfin County Market Tracker
2025-03,Wilson,Tennessee,287,Redfin County Market Tracker
2025-04,Cheatham,Tennessee,54,Redfin County Market Tracker
2025-04,Davidson,Tennessee,944,Redfin County Market Tracker
2025-04,Dickson,Tennessee,65,Redfin County Market Tracker
2025-04,Maury,Tennessee,194,Redfin County Market Tracker
2025-04,Montgomery,Tennessee,405,Redfin County Market Tracker
2025-04,Robertson,Tennessee,110,Redfin County Market Tracker
2025-04,Rutherford,Tennessee,471,Redfin County Market Tracker
2025-04,Sumner,Tennessee,317,Redfin County Market Tracker
2025-04,Williamson,Tennessee,397,Redfin County Market Tracker
2025-04,Wilson,Tennessee,267,Redfin County Market Tracker
2025-05,Cheatham,Tennessee,47,Redfin County Market Tracker
2025-05,Davidson,Tennessee,977,Redfin County Market Tracker
2025-05,Dickson,Tennessee,82,Redfin County Market Tracker
2025-05,Maury,Tennessee,197,Redfin County Market Tracker
2025-05,Montgomery,Tennessee,453,Redfin County Market Tracker
2025-05,Robertson,Tennessee,117,Redfin County Market Tracker
2025-05,Rutherford,Tennessee,507,Redfin County Market Tracker
2025-05,Sumner,Tennessee,299,Redfin County Market Tracker
2025-05,Williamson,Tennessee,493,Redfin County Market Tracker
2025-05,Wilson,Tennessee,287,Redfin County Market Tracker
2025-06,Cheatham,Tennessee,58,Redfin County Market Tracker
2025-06,Davidson,Tennessee,1003,Redfin County Market Tracker
2025-06,Dickson,Tennessee,72,Redfin County Market Tracker
2025-06,Maury,Tennessee,191,Redfin County Market Tracker
2025-06,Montgomery,Tennessee,474,Redfin County Market Tracker
2025-06,Robertson,Tennessee,116,Redfin County Market Tracker
2025-06,Rutherford,Tennessee,475,Redfin County Market Tracker
2025-06,Sumner,Tennessee,345,Redfin County Market Tracker
2025-06,Williamson,Tennessee,496,Redfin County Market Tracker
2025-06,Wilson,Tennessee,298,Redfin County Market Tracker
2025-07,Cheatham,Tennessee,58,Redfin County Market Tracker
2025-07,Davidson,Tennessee,1020,Redfin County Market Tracker
2025-07,Dickson,Tennessee,58,Redfin County Market Tracker
2025-07,Maury,Tennessee,228,Redfin County Market Tracker
2025-07,Montgomery,Tennessee,438,Redfin County Market Tracker
2025-07,Robertson,Tennessee,138,Redfin County Market Tracker
2025-07,Rutherford,Tennessee,505,Redfin County Market Tracker
2025-07,Sumner,Tennessee,387,Redfin County Market Tracker
2025-07,Williamson,Tennessee,469,Redfin County Market Tracker
2025-07,Wilson,Tennessee,277,Redfin County Market Tracker
2025-08,Cheatham,Tennessee,60,Redfin County Market Tracker
2025-08,Davidson,Tennessee,934,Redfin County Market Tracker
2025-08,Dickson,Tennessee,73,Redfin County Market Tracker
2025-08,Maury,Tennessee,201,Redfin County Market Tracker
2025-08,Montgomery,Tennessee,462,Redfin County Market Tracker
2025-08,Robertson,Tennessee,130,Redfin County Market Tracker
2025-08,Rutherford,Tennessee,486,Redfin County Market Tracker
2025-08,Sumner,Tennessee,328,Redfin County Market Tracker
2025-08,Williamson,Tennessee,449,Redfin County Market Tracker
2025-08,Wilson,Tennessee,277,Redfin County Market Tracker
2025-09,Cheatham,Tennessee,51,Redfin County Market Tracker
2025-09,Davidson,Tennessee,879,Redfin County Market Tracker
2025-09,Dickson,Tennessee,66,Redfin County Market Tracker
2025-09,Maury,Tennessee,142,Redfin County Market Tracker
2025-09,Montgomery,Tennessee,379,Redfin County Market Tracker
2025-09,Robertson,Tennessee,122,Redfin County Market Tracker
2025-09,Rutherford,Tennessee,460,Redfin County Market Tracker
2025-09,Sumner,Tennessee,352,Redfin County Market Tracker
2025-09,Williamson,Tennessee,371,Redfin County Market Tracker
2025-09,Wilson,Tennessee,314,Redfin County Market Tracker
2025-10,Cheatham,Tennessee,46,Redfin County Market Tracker
2025-10,Davidson,Tennessee,885,Redfin County Market Tracker
2025-10,Dickson,Tennessee,58,Redfin County Market Tracker
2025-10,Maury,Tennessee,166,Redfin County Market Tracker
2025-10,Montgomery,Tennessee,398,Redfin County Market Tracker
2025-10,Robertson,Tennessee,97,Redfin County Market Tracker
2025-10,Rutherford,Tennessee,450,Redfin County Market Tracker
2025-10,Sumner,Tennessee,314,Redfin County Market Tracker
2025-10,Williamson,Tennessee,473,Redfin County Market Tracker
2025-10,Wilson,Tennessee,264,Redfin County Market Tracker
2025-11,Cheatham,Tennessee,46,Redfin County Market Tracker
2025-11,Davidson,Tennessee,705,Redfin County Market Tracker
2025-11,Dickson,Tennessee,49,Redfin County Market Tracker
2025-11,Maury,Tennessee,165,Redfin County Market Tracker
2025-11,Montgomery,Tennessee,332,Redfin County Market Tracker
2025-11,Robertson,Tennessee,88,Redfin County Market Tracker
2025-11,Rutherford,Tennessee,372,Redfin County Market Tracker
2025-11,Sumner,Tennessee,244,Redfin County Market Tracker
2025-11,Williamson,Tennessee,330,Redfin County Market Tracker
2025-11,Wilson,Tennessee,245,Redfin County Market Tracker
2025-12,Cheatham,Tennessee,59,Redfin County Market Tracker
2025-12,Davidson,Tennessee,941,Redfin County Market Tracker
2025-12,Dickson,Tennessee,62,Redfin County Market Tracker
2025-12,Maury,Tennessee,157,Redfin County Market Tracker
2025-12,Montgomery,Tennessee,406,Redfin County Market Tracker
2025-12,Robertson,Tennessee,104,Redfin County Market Tracker
2025-12,Rutherford,Tennessee,469,Redfin County Market Tracker
2025-12,Sumner,Tennessee,352,Redfin County Market Tracker
2025-12,Williamson,Tennessee,434,Redfin County Market Tracker
2025-12,Wilson,Tennessee,267,Redfin County Market Tracker
2026-01,Cheatham,Tennessee,29,Redfin County Market Tracker
2026-01,Davidson,Tennessee,568,Redfin County Market Tracker
2026-01,Dickson,Tennessee,47,Redfin County Market Tracker
2026-01,Maury,Tennessee,105,Redfin County Market Tracker
2026-01,Montgomery,Tennessee,244,Redfin County Market Tracker
2026-01,Robertson,Tennessee,61,Redfin County Market Tracker
2026-01,Rutherford,Tennessee,284,Redfin County Market Tracker
2026-01,Sumner,Tennessee,186,Redfin County Market Tracker
2026-01,Williamson,Tennessee,256,Redfin County Market Tracker
2026-01,Wilson,Tennessee,166,Redfin County Market Tracker
2026-02,Cheatham,Tennessee,39,Redfin County Market Tracker
2026-02,Davidson,Tennessee,655,Redfin County Market Tracker
2026-02,Dickson,Tennessee,59,Redfin County Market Tracker
2026-02,Maury,Tennessee,133,Redfin County Market Tracker
2026-02,Montgomery,Tennessee,330,Redfin County Market Tracker
2026-02,Robertson,Tennessee,83,Redfin County Market Tracker
2026-02,Rutherford,Tennessee,371,Redfin County Market Tracker
2026-02,Sumner,Tennessee,218,Redfin County Market Tracker
2026-02,Williamson,Tennessee,282,Redfin County Market Tracker
2026-02,Wilson,Tennessee,186,Redfin County Market Tracker
2026-03,Cheatham,Tennessee,48,Redfin County Market Tracker
2026-03,Davidson,Tennessee,849,Redfin County Market Tracker
2026-03,Dickson,Tennessee,75,Redfin County Market Tracker
2026-03,Maury,Tennessee,197,Redfin County Market Tracker
2026-03,Montgomery,Tennessee,345,Redfin County Market Tracker
2026-03,Robertson,Tennessee,107,Redfin County Market Tracker
2026-03,Rutherford,Tennessee,439,Redfin County Market Tracker
2026-03,Sumner,Tennessee,302,Redfin County Market Tracker
2026-03,Williamson,Tennessee,357,Redfin County Market Tracker
2026-03,Wilson,Tennessee,294,Redfin County Market Tracker
2026-04,Cheatham,Tennessee,61,Redfin County Market Tracker
2026-04,Davidson,Tennessee,1039,Redfin County Market Tracker
2026-04,Dickson,Tennessee,66,Redfin County Market Tracker
2026-04,Maury,Tennessee,199,Redfin County Market Tracker
2026-04,Montgomery,Tennessee,373,Redfin County Market Tracker
2026-04,Robertson,Tennessee,91,Redfin County Market Tracker
2026-04,Rutherford,Tennessee,479,Redfin County Market Tracker
2026-04,Sumner,Tennessee,290,Redfin County Market Tracker
2026-04,Williamson,Tennessee,448,Redfin County Market Tracker
2026-04,Wilson,Tennessee,273,Redfin County Market Tracker
2026-05,Cheatham,Tennessee,55,Redfin County Market Tracker
2026-05,Davidson,Tennessee,954,Redfin County Market Tracker
2026-05,Dickson,Tennessee,72,Redfin County Market Tracker
2026-05,Maury,Tennessee,186,Redfin County Market Tracker
2026-05,Montgomery,Tennessee,437,Redfin County Market Tracker
2026-05,Robertson,Tennessee,107,Redfin County Market Tracker
2026-05,Rutherford,Tennessee,483,Redfin County Market Tracker
2026-05,Sumner,Tennessee,337,Redfin County Market Tracker
2026-05,Williamson,Tennessee,496,Redfin County Market Tracker
2026-05,Wilson,Tennessee,318,Redfin County Market Tracker
